ID_Manifesto,CIA,Status,Turno,Puxado,Recebido,Iniciado,Finalizado,Assinatura,Entregue,Diff_Dias
MAO-260005813,Latam,Manifesto Entregue,3º TURNO,21/05/2026 04:07:00,28/05/2026 08:16:00,21/05/2026 04:26:40,21/05/2026 04:47:22,21/05/2026 04:56:07,21/05/2026 05:27:45,7
MAO-260005634,Gol,Manifesto Entregue,2º TURNO,14/05/2026 14:20:00,14/05/2026 18:22:00,16/05/2026 14:25:22,16/05/2026 14:27:53,16/05/2026 15:58:39,16/05/2026 15:58:42,2
MAO-260002126,Latam,Manifesto Entregue,2º TURNO,28/02/2026 20:54:00,01/03/2026 01:40:00,28/02/2026 21:46:06,28/02/2026 22:43:57,28/02/2026 23:56:12,28/02/2026 23:56:29,1
MAO-260002127,Latam,Manifesto Entregue,3º TURNO,28/02/2026 20:00:00,01/03/2026 00:51:00,28/02/2026 22:22:37,28/02/2026 22:42:42,28/02/2026 23:56:14,28/02/2026 23:56:24,1
MAO-260002128,Latam,Manifesto Entregue,3º TURNO,28/02/2026 20:05:00,01/03/2026 00:51:00,28/02/2026 22:24:35,28/02/2026 22:42:41,28/02/2026 23:56:17,28/02/2026 23:56:26,1
MAO-260002129,Azul,Manifesto Entregue,3º TURNO,28/02/2026 22:50:00,01/03/2026 02:56:00,28/02/2026 23:02:45,28/02/2026 23:40:26,28/02/2026 23:40:33,28/02/2026 23:40:35,1
MAO-260002130,Azul,Manifesto Entregue,3º TURNO,28/02/2026 22:50:00,01/03/2026 02:57:00,28/02/2026 23:02:57,28/02/2026 23:13:35,28/02/2026 23:40:39,28/02/2026 23:40:42,1
MAO-260002131,Gol,Manifesto Entregue,3º TURNO,28/02/2026 23:31:00,01/03/2026 03:36:00,28/02/2026 23:43:31,01/03/2026 00:04:02,01/03/2026 01:00:55,01/03/2026 01:00:58,1
MAO-260002132,Azul,Manifesto Entregue,3º TURNO,28/02/2026 23:33:00,01/03/2026 03:37:00,28/02/2026 23:43:04,01/03/2026 00:01:13,01/03/2026 00:02:51,01/03/2026 00:02:55,1
MAO-260002133,Latam,Manifesto Entregue,3º TURNO,28/02/2026 23:35:00,01/03/2026 03:47:00,28/02/2026 23:56:57,01/03/2026 00:25:49,01/03/2026 01:29:08,01/03/2026 01:29:21,1
MAO-260002134,Latam,Manifesto Entregue,3º TURNO,28/02/2026 23:39:00,01/03/2026 03:48:00,01/03/2026 00:08:17,01/03/2026 00:26:13,01/03/2026 01:29:11,01/03/2026 01:29:18,1
MAO-260002157,Latam,Manifesto Entregue,3º TURNO,01/03/2026 22:50:00,02/03/2026 02:56:00,01/03/2026 23:02:32,01/03/2026 23:20:37,02/03/2026 02:57:25,02/03/2026 02:57:38,1
MAO-260002158,Latam,Manifesto Entregue,3º TURNO,01/03/2026 22:25:00,02/03/2026 02:58:00,01/03/2026 23:03:16,01/03/2026 23:08:20,02/03/2026 02:57:22,02/03/2026 02:57:40,1
MAO-260002159,Latam,Manifesto Entregue,3º TURNO,01/03/2026 22:51:00,02/03/2026 02:57:00,01/03/2026 23:07:47,01/03/2026 23:10:16,02/03/2026 02:57:20,02/03/2026 02:57:42,1
MAO-260002160,Azul,Manifesto Entregue,3º TURNO,01/03/2026 22:53:00,02/03/2026 02:58:00,01/03/2026 23:07:09,01/03/2026 23:15:54,02/03/2026 02:57:18,02/03/2026 02:57:44,1
MAO-260002197,Gol,Manifesto Entregue,2º TURNO,02/03/2026 20:25:00,03/03/2026 00:36:00,02/03/2026 20:31:29,02/03/2026 21:28:43,02/03/2026 21:46:48,02/03/2026 21:47:32,1
MAO-260002198,Gol,Manifesto Entregue,2º TURNO,02/03/2026 20:24:00,03/03/2026 00:26:00,02/03/2026 20:32:24,02/03/2026 21:47:04,02/03/2026 21:47:21,02/03/2026 21:47:34,1
MAO-260002199,Latam,Manifesto Entregue,2º TURNO,02/03/2026 21:52:00,03/03/2026 01:57:00,02/03/2026 21:28:45,02/03/2026 21:47:17,02/03/2026 21:47:23,02/03/2026 21:47:36,1
MAO-260002200,Latam,Manifesto Entregue,2º TURNO,02/03/2026 20:53:00,03/03/2026 00:57:00,02/03/2026 21:28:44,02/03/2026 21:47:15,02/03/2026 21:47:25,02/03/2026 21:47:38,1
MAO-260002201,Gol,Manifesto Entregue,2º TURNO,02/03/2026 21:23:00,03/03/2026 01:27:00,02/03/2026 22:09:51,02/03/2026 23:34:55,02/03/2026 23:35:35,02/03/2026 23:35:38,1
MAO-260002202,Gol,Manifesto Entregue,2º TURNO,02/03/2026 20:45:00,03/03/2026 01:51:26,02/03/2026 21:52:34,02/03/2026 21:53:12,02/03/2026 21:53:17,02/03/2026 21:53:20,1
MAO-260002203,Azul,Manifesto Entregue,3º TURNO,02/03/2026 22:45:00,03/03/2026 02:48:38,02/03/2026 22:50:05,02/03/2026 23:18:02,03/03/2026 01:03:29,03/03/2026 01:04:58,1
MAO-260002204,Gol,Manifesto Entregue,3º TURNO,02/03/2026 22:50:00,03/03/2026 02:54:00,02/03/2026 23:02:17,02/03/2026 23:31:47,03/03/2026 01:03:33,03/03/2026 01:05:00,1
MAO-260002205,Gol,Manifesto Entregue,3º TURNO,02/03/2026 22:46:00,03/03/2026 02:54:00,02/03/2026 23:03:27,02/03/2026 23:30:55,03/03/2026 01:03:36,03/03/2026 01:05:04,1
MAO-260002206,Gol,Manifesto Entregue,3º TURNO,02/03/2026 22:48:00,03/03/2026 02:54:00,02/03/2026 23:27:02,02/03/2026 23:28:30,03/03/2026 01:03:38,03/03/2026 01:05:09,1
MAO-260002207,Latam,Manifesto Entregue,3º TURNO,02/03/2026 23:04:00,03/03/2026 03:09:00,02/03/2026 23:30:54,02/03/2026 23:33:31,02/03/2026 23:33:42,02/03/2026 23:35:41,1
MAO-260002208,Latam,Manifesto Entregue,3º TURNO,02/03/2026 23:34:00,03/03/2026 03:37:00,02/03/2026 23:39:23,03/03/2026 00:03:05,03/03/2026 01:03:41,03/03/2026 01:05:11,1
MAO-260002209,Azul,Manifesto Entregue,3º TURNO,02/03/2026 23:35:00,03/03/2026 03:38:00,02/03/2026 23:40:33,02/03/2026 23:42:26,03/03/2026 01:03:44,03/03/2026 01:05:15,1
MAO-260002258,Gol,Manifesto Entregue,2º TURNO,03/03/2026 20:05:00,04/03/2026 00:07:00,03/03/2026 23:25:35,03/03/2026 23:38:30,03/03/2026 23:38:40,03/03/2026 23:38:42,1
MAO-260002259,Gol,Manifesto Entregue,2º TURNO,03/03/2026 21:33:00,04/03/2026 01:38:00,03/03/2026 23:26:00,03/03/2026 23:38:32,03/03/2026 23:38:48,03/03/2026 23:38:50,1
MAO-260002260,Gol,Manifesto Entregue,2º TURNO,03/03/2026 20:33:00,04/03/2026 00:35:00,03/03/2026 22:30:43,03/03/2026 23:38:32,03/03/2026 23:38:53,03/03/2026 23:38:55,1
MAO-260002261,Azul,Manifesto Entregue,2º TURNO,03/03/2026 21:42:00,04/03/2026 01:44:00,03/03/2026 22:32:10,03/03/2026 22:40:31,03/03/2026 22:57:27,03/03/2026 22:57:35,1
MAO-260002262,Modern,Manifesto Entregue,3º TURNO,03/03/2026 21:58:00,04/03/2026 02:10:00,03/03/2026 22:10:37,03/03/2026 22:21:13,03/03/2026 22:21:24,03/03/2026 22:21:28,1
MAO-260002263,Azul,Manifesto Entregue,3º TURNO,03/03/2026 22:16:00,04/03/2026 02:20:00,03/03/2026 22:23:00,03/03/2026 22:26:47,03/03/2026 22:26:59,03/03/2026 22:27:02,1
MAO-260002264,Gol,Manifesto Entregue,3º TURNO,03/03/2026 22:42:00,04/03/2026 02:48:00,03/03/2026 23:06:21,03/03/2026 23:24:28,04/03/2026 02:11:41,04/03/2026 02:11:55,1
MAO-260002265,Gol,Manifesto Entregue,3º TURNO,03/03/2026 22:33:00,04/03/2026 02:40:00,03/03/2026 23:31:15,03/03/2026 23:42:04,04/03/2026 02:11:38,04/03/2026 02:11:58,1
MAO-260002266,Azul,Manifesto Entregue,3º TURNO,03/03/2026 22:44:00,04/03/2026 02:46:00,03/03/2026 23:30:41,04/03/2026 00:47:11,04/03/2026 02:11:23,04/03/2026 02:12:00,1
MAO-260002267,Azul,Manifesto Entregue,3º TURNO,03/03/2026 22:45:00,04/03/2026 03:48:00,03/03/2026 23:42:12,04/03/2026 00:24:08,04/03/2026 00:50:28,04/03/2026 00:50:31,1
MAO-260002268,Azul,Manifesto Entregue,3º TURNO,03/03/2026 23:14:00,04/03/2026 03:25:00,03/03/2026 23:45:53,04/03/2026 01:05:30,04/03/2026 02:11:29,04/03/2026 02:12:03,1
MAO-260002269,Latam,Manifesto Entregue,3º TURNO,03/03/2026 23:57:00,04/03/2026 04:03:00,04/03/2026 01:13:30,04/03/2026 01:34:35,04/03/2026 02:20:57,04/03/2026 02:21:10,1
MAO-260002270,Latam,Manifesto Entregue,3º TURNO,03/03/2026 23:55:00,04/03/2026 04:03:00,04/03/2026 00:48:31,04/03/2026 01:34:32,04/03/2026 02:20:59,04/03/2026 02:21:12,1
MAO-260002271,Latam,Manifesto Entregue,3º TURNO,03/03/2026 23:56:00,04/03/2026 04:03:00,04/03/2026 00:48:30,04/03/2026 00:54:31,04/03/2026 02:21:01,04/03/2026 02:21:15,1
MAO-260002332,Gol,Manifesto Entregue,2º TURNO,04/03/2026 20:26:00,05/03/2026 00:32:00,04/03/2026 20:57:06,04/03/2026 23:35:58,04/03/2026 23:38:20,04/03/2026 23:38:30,1
MAO-260002333,Modern,Manifesto Entregue,3º TURNO,04/03/2026 22:00:00,05/03/2026 02:03:14,04/03/2026 22:11:04,04/03/2026 22:27:13,04/03/2026 22:27:23,04/03/2026 23:31:45,1
MAO-260002334,Gol,Manifesto Entregue,3º TURNO,04/03/2026 22:00:00,05/03/2026 02:03:42,05/03/2026 03:53:46,05/03/2026 03:54:09,05/03/2026 03:54:32,05/03/2026 03:54:40,1
MAO-260002335,Modern,Manifesto Entregue,3º TURNO,04/03/2026 21:30:00,05/03/2026 02:10:26,04/03/2026 22:11:03,04/03/2026 22:27:14,04/03/2026 22:27:27,04/03/2026 23:31:42,1
MAO-260002336,Azul,Manifesto Entregue,3º TURNO,04/03/2026 22:17:00,05/03/2026 02:30:44,04/03/2026 23:16:23,04/03/2026 23:23:55,04/03/2026 23:38:26,04/03/2026 23:38:28,1
MAO-260002337,Azul,Manifesto Entregue,3º TURNO,04/03/2026 22:20:00,05/03/2026 02:32:33,04/03/2026 23:16:21,04/03/2026 23:40:57,05/03/2026 03:06:17,05/03/2026 03:10:18,1
MAO-260002338,Azul,Manifesto Entregue,3º TURNO,04/03/2026 22:20:00,05/03/2026 02:33:53,04/03/2026 23:32:24,04/03/2026 23:52:48,05/03/2026 03:06:20,05/03/2026 03:10:20,1
MAO-260002339,Azul,Manifesto Entregue,3º TURNO,04/03/2026 22:21:00,05/03/2026 02:34:50,04/03/2026 23:44:50,04/03/2026 23:47:46,05/03/2026 03:06:25,05/03/2026 03:10:23,1
MAO-260002340,Modern,Manifesto Entregue,3º TURNO,04/03/2026 23:00:00,05/03/2026 03:11:00,04/03/2026 23:32:13,04/03/2026 23:37:28,04/03/2026 23:37:37,04/03/2026 23:37:40,1
MAO-260002341,Azul,Manifesto Entregue,3º TURNO,04/03/2026 23:20:00,05/03/2026 03:26:41,04/03/2026 23:47:57,05/03/2026 00:26:35,05/03/2026 03:06:30,05/03/2026 03:10:25,1
MAO-260002342,Latam,Manifesto Entregue,3º TURNO,04/03/2026 23:10:00,05/03/2026 03:27:39,05/03/2026 01:01:04,05/03/2026 02:01:10,05/03/2026 02:01:20,05/03/2026 02:01:24,1
MAO-260002343,Latam,Manifesto Entregue,3º TURNO,04/03/2026 23:15:00,05/03/2026 03:28:52,05/03/2026 00:58:08,05/03/2026 01:29:22,05/03/2026 03:06:37,05/03/2026 03:10:28,1
MAO-260002344,Azul,Manifesto Entregue,3º TURNO,04/03/2026 21:30:00,05/03/2026 03:00:00,04/03/2026 23:50:53,05/03/2026 00:01:29,05/03/2026 00:02:17,05/03/2026 00:02:19,1
MAO-260002380,Gol,Manifesto Entregue,2º TURNO,05/03/2026 16:30:00,05/03/2026 20:44:00,05/03/2026 18:22:50,05/03/2026 19:00:48,06/03/2026 00:10:18,06/03/2026 00:10:44,1
MAO-260002383,Latam,Manifesto Entregue,2º TURNO,05/03/2026 17:02:00,05/03/2026 21:34:00,05/03/2026 18:19:53,05/03/2026 18:51:09,06/03/2026 00:10:21,06/03/2026 00:10:47,1
MAO-260002386,Latam,Manifesto Entregue,2º TURNO,05/03/2026 17:03:00,05/03/2026 21:35:00,05/03/2026 18:52:08,05/03/2026 20:06:22,06/03/2026 00:10:24,06/03/2026 00:10:49,1
MAO-260002387,Gol,Manifesto Entregue,2º TURNO,05/03/2026 18:12:00,05/03/2026 22:15:00,05/03/2026 19:00:36,05/03/2026 20:06:21,06/03/2026 00:10:26,06/03/2026 00:10:50,1
MAO-260002391,Latam,Manifesto Entregue,2º TURNO,05/03/2026 18:04:00,05/03/2026 22:22:00,05/03/2026 19:08:15,05/03/2026 20:06:18,06/03/2026 00:10:29,06/03/2026 00:10:53,1
MAO-260002392,Latam,Manifesto Entregue,2º TURNO,05/03/2026 18:06:00,05/03/2026 22:23:00,05/03/2026 19:08:17,05/03/2026 20:06:16,06/03/2026 00:10:32,06/03/2026 00:10:55,1
MAO-260002393,Azul,Manifesto Entregue,2º TURNO,05/03/2026 20:04:00,06/03/2026 00:07:00,05/03/2026 20:12:46,05/03/2026 21:21:12,06/03/2026 00:10:34,06/03/2026 00:10:57,1
MAO-260002394,Gol,Manifesto Entregue,2º TURNO,05/03/2026 19:58:00,06/03/2026 00:01:00,05/03/2026 20:55:39,05/03/2026 21:21:10,06/03/2026 00:10:36,06/03/2026 00:10:59,1
MAO-260002395,Latam,Manifesto Entregue,3º TURNO,05/03/2026 23:03:00,06/03/2026 03:17:00,05/03/2026 23:31:42,05/03/2026 23:55:56,06/03/2026 02:34:42,06/03/2026 02:34:52,1
MAO-260002396,Latam,Manifesto Entregue,3º TURNO,05/03/2026 23:05:00,06/03/2026 03:17:00,05/03/2026 23:46:45,06/03/2026 00:06:41,06/03/2026 02:34:43,06/03/2026 02:34:50,1
MAO-260002397,Azul,Manifesto Entregue,3º TURNO,05/03/2026 23:08:00,06/03/2026 03:20:00,05/03/2026 23:43:07,06/03/2026 00:39:15,06/03/2026 00:39:25,06/03/2026 00:39:28,1
MAO-260002398,Azul,Manifesto Entregue,3º TURNO,05/03/2026 23:11:00,06/03/2026 03:20:00,06/03/2026 00:06:49,06/03/2026 00:55:42,06/03/2026 02:34:44,06/03/2026 02:34:57,1
MAO-260002399,Latam,Manifesto Entregue,3º TURNO,05/03/2026 23:30:00,06/03/2026 03:43:31,06/03/2026 00:12:42,06/03/2026 00:33:49,06/03/2026 02:34:46,06/03/2026 02:34:53,1
MAO-260002400,Gol,Manifesto Entregue,3º TURNO,05/03/2026 23:35:00,06/03/2026 03:44:14,06/03/2026 00:06:26,06/03/2026 00:10:06,06/03/2026 02:34:48,06/03/2026 02:34:55,1
MAO-260002401,Gol,Manifesto Entregue,3º TURNO,05/03/2026 23:35:00,06/03/2026 03:46:55,06/03/2026 00:34:15,06/03/2026 00:49:58,06/03/2026 02:35:44,06/03/2026 02:35:49,1
MAO-260002402,Latam,Manifesto Entregue,3º TURNO,05/03/2026 23:42:00,06/03/2026 03:47:51,06/03/2026 00:40:39,06/03/2026 00:54:22,06/03/2026 02:35:42,06/03/2026 02:35:46,1
MAO-260002449,Modern,Manifesto Entregue,2º TURNO,06/03/2026 20:10:00,07/03/2026 00:15:00,06/03/2026 20:29:46,06/03/2026 21:48:10,06/03/2026 21:48:39,06/03/2026 21:49:08,1
MAO-260002451,Gol,Manifesto Entregue,2º TURNO,06/03/2026 20:00:00,07/03/2026 00:05:00,06/03/2026 20:35:41,06/03/2026 21:51:04,06/03/2026 21:51:11,06/03/2026 21:51:19,1
MAO-260002453,Azul,Manifesto Entregue,2º TURNO,06/03/2026 20:02:00,07/03/2026 00:30:00,06/03/2026 20:55:08,06/03/2026 21:11:25,06/03/2026 21:48:26,06/03/2026 21:49:13,1
MAO-260002454,Latam,Manifesto Entregue,2º TURNO,06/03/2026 20:04:00,07/03/2026 00:53:00,06/03/2026 21:04:14,06/03/2026 21:50:34,06/03/2026 21:50:40,06/03/2026 21:50:43,1
MAO-260002455,Latam,Manifesto Entregue,2º TURNO,06/03/2026 21:00:00,07/03/2026 01:05:00,07/03/2026 03:47:54,07/03/2026 04:12:56,07/03/2026 04:15:25,07/03/2026 04:15:27,1
MAO-260002456,Azul,Manifesto Entregue,2º TURNO,06/03/2026 20:03:00,07/03/2026 01:05:00,06/03/2026 21:10:29,06/03/2026 21:17:58,06/03/2026 21:48:20,06/03/2026 21:49:16,1
MAO-260002457,Azul,Manifesto Entregue,3º TURNO,06/03/2026 22:39:00,07/03/2026 02:40:00,07/03/2026 03:46:13,07/03/2026 04:13:49,07/03/2026 04:15:33,07/03/2026 04:15:39,1
MAO-260002458,Gol,Manifesto Entregue,3º TURNO,06/03/2026 22:39:00,07/03/2026 02:43:00,06/03/2026 23:03:50,06/03/2026 23:19:42,07/03/2026 04:18:38,07/03/2026 04:21:40,1
MAO-260002459,Azul,Manifesto Entregue,3º TURNO,06/03/2026 23:11:00,07/03/2026 03:21:00,06/03/2026 23:30:14,07/03/2026 00:09:00,07/03/2026 03:41:47,07/03/2026 03:41:55,1
MAO-260002460,Azul,Manifesto Entregue,3º TURNO,06/03/2026 22:57:00,07/03/2026 03:20:00,06/03/2026 23:34:49,07/03/2026 03:41:16,07/03/2026 03:41:25,07/03/2026 03:41:28,1
MAO-260002461,Azul,Manifesto Entregue,3º TURNO,06/03/2026 23:04:00,07/03/2026 03:28:56,06/03/2026 23:30:23,07/03/2026 00:09:02,07/03/2026 03:41:43,07/03/2026 03:41:57,1
MAO-260002462,Latam,Manifesto Entregue,3º TURNO,06/03/2026 23:10:00,07/03/2026 03:19:00,07/03/2026 00:24:39,07/03/2026 00:27:39,07/03/2026 03:37:43,07/03/2026 03:37:46,1
MAO-260002463,Latam,Manifesto Entregue,3º TURNO,06/03/2026 23:05:00,07/03/2026 03:17:00,07/03/2026 01:06:16,07/03/2026 01:37:54,07/03/2026 03:37:02,07/03/2026 03:37:05,1
MAO-260002464,Latam,Manifesto Entregue,3º TURNO,06/03/2026 23:09:00,07/03/2026 03:15:00,07/03/2026 00:15:26,07/03/2026 03:36:22,07/03/2026 03:36:31,07/03/2026 03:36:35,1
MAO-260002465,Azul,Manifesto Entregue,3º TURNO,07/03/2026 23:12:00,08/03/2026 03:20:00,07/03/2026 01:06:47,07/03/2026 01:12:18,07/03/2026 03:35:18,07/03/2026 03:35:21,1
MAO-260002512,Azul,Manifesto Entregue,2º TURNO,07/03/2026 20:30:00,08/03/2026 00:34:00,07/03/2026 20:38:59,07/03/2026 20:45:59,07/03/2026 20:46:04,07/03/2026 20:46:07,1
MAO-260002513,Latam,Manifesto Entregue,2º TURNO,07/03/2026 20:04:00,08/03/2026 00:43:00,07/03/2026 20:45:23,07/03/2026 21:04:42,07/03/2026 21:04:46,07/03/2026 21:04:48,1
MAO-260002514,Azul,Manifesto Entregue,2º TURNO,07/03/2026 21:32:00,08/03/2026 01:36:00,07/03/2026 21:56:28,07/03/2026 22:25:51,08/03/2026 00:30:57,08/03/2026 00:31:16,1
MAO-260002515,Azul,Manifesto Entregue,2º TURNO,07/03/2026 21:31:00,08/03/2026 01:37:00,07/03/2026 22:01:25,07/03/2026 22:27:37,08/03/2026 00:30:55,08/03/2026 00:31:14,1
MAO-260002516,Gol,Manifesto Entregue,3º TURNO,07/03/2026 21:41:00,08/03/2026 01:54:00,07/03/2026 22:07:10,07/03/2026 22:33:06,08/03/2026 00:29:29,08/03/2026 00:31:12,1
MAO-260002517,Gol,Manifesto Entregue,3º TURNO,07/03/2026 21:44:00,08/03/2026 01:54:00,07/03/2026 22:13:07,07/03/2026 23:08:18,08/03/2026 00:29:31,08/03/2026 00:31:09,1
MAO-260002518,Gol,Manifesto Entregue,3º TURNO,07/03/2026 21:43:00,08/03/2026 01:54:00,07/03/2026 22:13:00,07/03/2026 22:42:12,08/03/2026 00:29:33,08/03/2026 00:31:05,1
MAO-260002519,Azul,Manifesto Entregue,3º TURNO,07/03/2026 22:40:00,08/03/2026 02:45:00,07/03/2026 22:49:41,07/03/2026 23:11:54,08/03/2026 00:29:35,08/03/2026 00:31:07,1
MAO-260002520,Latam,Manifesto Entregue,3º TURNO,07/03/2026 22:40:00,08/03/2026 02:46:00,07/03/2026 22:53:42,07/03/2026 23:08:02,08/03/2026 00:29:37,08/03/2026 00:31:03,1
MAO-260002521,Latam,Manifesto Entregue,3º TURNO,07/03/2026 22:50:00,08/03/2026 03:04:00,07/03/2026 23:13:12,07/03/2026 23:24:05,08/03/2026 00:29:40,08/03/2026 00:31:00,1
MAO-260002522,Latam,Manifesto Entregue,3º TURNO,07/03/2026 22:58:00,08/03/2026 03:04:00,07/03/2026 23:12:04,08/03/2026 00:30:36,08/03/2026 00:30:43,08/03/2026 00:30:53,1
MAO-260002529,Gol,Manifesto Entregue,3º TURNO,08/03/2026 22:37:00,09/03/2026 02:40:00,08/03/2026 22:44:59,08/03/2026 23:05:03,09/03/2026 00:12:50,09/03/2026 00:13:40,1
MAO-260002530,Gol,Manifesto Entregue,3º TURNO,08/03/2026 22:33:00,09/03/2026 02:40:00,08/03/2026 22:44:45,08/03/2026 22:58:30,09/03/2026 00:12:52,09/03/2026 00:13:42,1
MAO-260002531,Latam,Manifesto Entregue,3º TURNO,08/03/2026 23:03:00,09/03/2026 03:10:00,08/03/2026 23:13:11,09/03/2026 00:13:28,09/03/2026 00:13:35,09/03/2026 00:13:44,1
MAO-260002532,Latam,Manifesto Entregue,3º TURNO,08/03/2026 23:41:00,09/03/2026 03:43:00,08/03/2026 23:46:44,08/03/2026 23:55:44,09/03/2026 00:12:57,09/03/2026 00:13:46,1
MAO-260002533,Azul,Manifesto Entregue,3º TURNO,08/03/2026 23:56:00,09/03/2026 04:07:00,09/03/2026 00:16:37,09/03/2026 00:22:13,09/03/2026 05:22:48,09/03/2026 05:23:42,1
MAO-260002559,Modern,Manifesto Entregue,2º TURNO,09/03/2026 19:57:00,10/03/2026 00:00:00,09/03/2026 20:19:43,09/03/2026 21:53:34,09/03/2026 21:54:32,09/03/2026 21:54:59,1
MAO-260002560,Latam,Manifesto Entregue,2º TURNO,09/03/2026 20:11:00,10/03/2026 00:14:00,09/03/2026 20:35:15,09/03/2026 20:47:32,09/03/2026 21:54:27,09/03/2026 21:54:57,1
MAO-260002561,Gol,Manifesto Entregue,2º TURNO,09/03/2026 20:22:00,10/03/2026 00:38:00,09/03/2026 20:48:58,09/03/2026 20:53:52,09/03/2026 21:54:25,09/03/2026 21:54:54,1
MAO-260002562,Gol,Manifesto Entregue,2º TURNO,09/03/2026 20:22:00,10/03/2026 00:35:00,09/03/2026 20:56:04,09/03/2026 21:54:01,09/03/2026 21:54:22,09/03/2026 21:54:52,1
MAO-260002563,Azul,Manifesto Entregue,3º TURNO,09/03/2026 21:48:00,10/03/2026 01:50:00,09/03/2026 22:07:29,09/03/2026 23:11:08,09/03/2026 23:43:58,10/03/2026 00:04:34,1
MAO-260002564,Gol,Manifesto Entregue,3º TURNO,09/03/2026 21:32:00,10/03/2026 01:40:00,09/03/2026 22:05:15,09/03/2026 22:37:26,09/03/2026 23:43:53,09/03/2026 23:43:55,1
MAO-260002565,Gol,Manifesto Entregue,3º TURNO,09/03/2026 21:30:00,10/03/2026 01:40:00,09/03/2026 22:07:29,09/03/2026 22:26:07,09/03/2026 22:26:14,09/03/2026 22:26:18,1
MAO-260002566,Azul,Manifesto Entregue,3º TURNO,09/03/2026 22:22:00,10/03/2026 02:24:00,09/03/2026 22:31:42,09/03/2026 23:17:47,09/03/2026 23:44:00,09/03/2026 23:50:46,1
MAO-260002567,Azul,Manifesto Entregue,3º TURNO,09/03/2026 22:41:00,10/03/2026 02:42:00,09/03/2026 22:45:33,09/03/2026 22:48:14,09/03/2026 22:48:23,09/03/2026 22:48:28,1
MAO-260002644,Azul,Manifesto Entregue,3º TURNO,11/03/2026 20:50:00,12/03/2026 00:55:00,11/03/2026 22:26:10,11/03/2026 22:38:37,12/03/2026 01:11:04,12/03/2026 01:11:08,1
MAO-260002645,Azul,Manifesto Entregue,3º TURNO,11/03/2026 20:48:00,12/03/2026 00:55:00,11/03/2026 22:26:13,11/03/2026 22:38:42,12/03/2026 01:10:55,12/03/2026 01:10:59,1
MAO-260002646,Gol,Manifesto Entregue,3º TURNO,11/03/2026 20:54:00,12/03/2026 00:58:00,11/03/2026 22:24:41,11/03/2026 22:40:44,11/03/2026 22:46:37,11/03/2026 22:52:01,1
MAO-260002647,Latam,Manifesto Entregue,3º TURNO,11/03/2026 21:19:00,12/03/2026 01:35:00,11/03/2026 23:01:17,11/03/2026 23:57:23,12/03/2026 01:11:38,12/03/2026 01:11:41,1
MAO-260002648,Latam,Manifesto Entregue,3º TURNO,11/03/2026 21:20:00,12/03/2026 01:35:00,11/03/2026 23:01:18,11/03/2026 23:57:26,12/03/2026 01:12:03,12/03/2026 01:12:06,1
MAO-260002649,Latam,Manifesto Entregue,3º TURNO,11/03/2026 21:12:00,12/03/2026 01:35:00,11/03/2026 23:01:19,11/03/2026 23:57:28,12/03/2026 01:11:51,12/03/2026 01:11:54,1
MAO-260002650,Gol,Manifesto Entregue,3º TURNO,11/03/2026 21:30:00,12/03/2026 01:35:00,11/03/2026 22:29:30,11/03/2026 23:12:43,12/03/2026 01:10:19,12/03/2026 01:10:28,1
MAO-260002651,Azul,Manifesto Entregue,3º TURNO,11/03/2026 21:34:00,12/03/2026 01:39:00,11/03/2026 22:39:54,11/03/2026 23:55:38,12/03/2026 01:11:16,12/03/2026 01:11:20,1
MAO-260002652,Azul,Manifesto Entregue,3º TURNO,11/03/2026 22:37:00,12/03/2026 02:40:00,11/03/2026 23:13:01,12/03/2026 00:10:46,12/03/2026 01:11:25,12/03/2026 01:11:28,1
MAO-260002653,Azul,Manifesto Entregue,3º TURNO,11/03/2026 22:35:00,12/03/2026 02:40:00,11/03/2026 22:53:33,11/03/2026 23:12:42,12/03/2026 01:10:43,12/03/2026 01:10:47,1
MAO-260002654,Latam,Manifesto Entregue,3º TURNO,11/03/2026 23:37:00,12/03/2026 03:40:00,12/03/2026 00:08:35,12/03/2026 00:14:04,12/03/2026 01:14:54,12/03/2026 01:25:43,1
MAO-260002655,Latam,Manifesto Entregue,3º TURNO,11/03/2026 23:44:00,12/03/2026 03:49:00,12/03/2026 00:14:39,12/03/2026 01:09:51,12/03/2026 01:14:51,12/03/2026 01:26:02,1
MAO-260002656,Latam,Manifesto Entregue,3º TURNO,11/03/2026 23:46:00,12/03/2026 03:49:00,12/03/2026 00:23:36,12/03/2026 00:49:17,12/03/2026 01:14:49,12/03/2026 01:26:18,1
MAO-260002657,Latam,Manifesto Entregue,3º TURNO,11/03/2026 23:36:00,12/03/2026 03:40:00,12/03/2026 00:34:24,12/03/2026 01:50:21,12/03/2026 01:50:34,12/03/2026 01:50:37,1
MAO-260002658,Latam,Manifesto Entregue,3º TURNO,11/03/2026 23:33:00,12/03/2026 03:40:00,12/03/2026 00:43:13,12/03/2026 00:52:36,12/03/2026 01:09:02,12/03/2026 01:25:52,1
MAO-260002678,Azul,Manifesto Entregue,1º TURNO,12/03/2026 12:18:00,12/03/2026 16:19:39,13/03/2026 07:53:03,13/03/2026 08:01:06,13/03/2026 08:01:21,13/03/2026 08:01:27,1
MAO-260002680,Gol,Manifesto Entregue,2º TURNO,12/03/2026 21:33:00,13/03/2026 01:36:00,12/03/2026 21:59:29,12/03/2026 23:17:35,12/03/2026 23:18:30,12/03/2026 23:18:34,1
MAO-260002681,Azul,Manifesto Entregue,3º TURNO,12/03/2026 20:59:00,13/03/2026 02:05:24,12/03/2026 22:07:09,12/03/2026 22:23:25,13/03/2026 00:09:28,13/03/2026 00:10:28,1
MAO-260002682,Azul,Manifesto Entregue,3º TURNO,12/03/2026 22:29:00,13/03/2026 02:45:00,12/03/2026 23:10:17,12/03/2026 23:16:10,12/03/2026 23:16:21,12/03/2026 23:16:24,1
MAO-260002683,Azul,Manifesto Entregue,3º TURNO,12/03/2026 22:34:00,13/03/2026 02:45:00,12/03/2026 23:19:23,12/03/2026 23:31:35,13/03/2026 00:40:34,13/03/2026 00:40:56,1
MAO-260002684,Azul,Manifesto Entregue,3º TURNO,12/03/2026 22:37:00,13/03/2026 02:45:00,13/03/2026 00:18:21,13/03/2026 00:19:46,13/03/2026 00:26:06,13/03/2026 00:26:39,1
MAO-260002685,Azul,Manifesto Entregue,3º TURNO,12/03/2026 22:40:00,13/03/2026 02:45:00,12/03/2026 22:59:52,12/03/2026 23:20:16,13/03/2026 00:40:29,13/03/2026 00:40:49,1
MAO-260002686,Latam,Manifesto Entregue,3º TURNO,12/03/2026 22:42:00,13/03/2026 02:51:00,12/03/2026 23:30:28,12/03/2026 23:31:14,13/03/2026 00:10:00,13/03/2026 00:10:37,1
MAO-260002687,Azul,Manifesto Entregue,3º TURNO,12/03/2026 22:49:00,13/03/2026 02:51:00,12/03/2026 23:32:31,12/03/2026 23:36:13,13/03/2026 00:08:39,13/03/2026 00:10:46,1
MAO-260002688,Latam,Manifesto Entregue,3º TURNO,12/03/2026 23:25:00,13/03/2026 03:34:00,12/03/2026 23:41:04,12/03/2026 23:47:13,13/03/2026 00:09:04,13/03/2026 00:10:51,1
MAO-260002689,Latam,Manifesto Entregue,3º TURNO,12/03/2026 23:22:00,13/03/2026 03:34:00,12/03/2026 23:45:03,13/03/2026 01:36:38,13/03/2026 01:36:44,13/03/2026 01:36:50,1
MAO-260002690,Latam,Manifesto Entregue,3º TURNO,12/03/2026 23:20:00,13/03/2026 03:34:00,12/03/2026 23:46:08,13/03/2026 00:09:33,13/03/2026 01:35:24,13/03/2026 01:36:57,1
MAO-260002691,Latam,Manifesto Entregue,3º TURNO,12/03/2026 23:19:00,13/03/2026 03:34:00,12/03/2026 23:45:20,12/03/2026 23:54:24,13/03/2026 01:35:27,13/03/2026 01:37:02,1
MAO-260002692,Modern,Manifesto Entregue,3º TURNO,12/03/2026 23:23:00,13/03/2026 03:34:00,12/03/2026 23:48:46,12/03/2026 23:50:51,13/03/2026 00:09:49,13/03/2026 00:10:55,1
MAO-260002737,Gol,Manifesto Entregue,3º TURNO,13/03/2026 21:05:00,14/03/2026 01:20:00,13/03/2026 22:06:43,13/03/2026 22:17:51,13/03/2026 22:39:35,13/03/2026 22:39:44,1
MAO-260002738,Gol,Manifesto Entregue,3º TURNO,13/03/2026 21:30:00,14/03/2026 01:31:00,13/03/2026 22:08:13,13/03/2026 22:15:04,13/03/2026 22:39:38,13/03/2026 22:39:41,1
MAO-260002739,Gol,Manifesto Entregue,3º TURNO,13/03/2026 22:31:00,14/03/2026 02:37:00,13/03/2026 22:40:42,13/03/2026 23:17:11,14/03/2026 00:26:21,14/03/2026 00:29:34,1
MAO-260002740,Gol,Manifesto Entregue,3º TURNO,13/03/2026 22:39:00,14/03/2026 02:43:57,13/03/2026 23:33:25,14/03/2026 00:08:32,14/03/2026 00:27:49,14/03/2026 00:29:26,1
MAO-260002741,Azul,Manifesto Entregue,3º TURNO,13/03/2026 22:51:00,14/03/2026 02:55:00,13/03/2026 23:09:42,13/03/2026 23:45:19,14/03/2026 00:28:10,14/03/2026 00:29:23,1
MAO-260002742,Azul,Manifesto Entregue,3º TURNO,13/03/2026 22:49:00,14/03/2026 02:56:00,13/03/2026 23:19:11,13/03/2026 23:28:38,14/03/2026 03:48:48,14/03/2026 03:49:00,1
MAO-260002743,Azul,Manifesto Entregue,3º TURNO,13/03/2026 22:47:00,14/03/2026 02:56:00,13/03/2026 23:19:08,13/03/2026 23:28:34,14/03/2026 00:28:21,14/03/2026 00:29:18,1
MAO-260002744,Azul,Manifesto Entregue,3º TURNO,13/03/2026 22:50:00,14/03/2026 02:56:00,13/03/2026 23:19:05,13/03/2026 23:28:32,14/03/2026 03:48:45,14/03/2026 03:48:57,1
MAO-260002745,Azul,Manifesto Entregue,3º TURNO,13/03/2026 22:46:00,14/03/2026 02:56:00,13/03/2026 23:19:02,13/03/2026 23:28:28,14/03/2026 00:28:42,14/03/2026 00:29:12,1
MAO-260002746,Latam,Manifesto Entregue,3º TURNO,13/03/2026 22:58:00,14/03/2026 03:00:00,13/03/2026 23:29:51,14/03/2026 00:18:26,14/03/2026 01:00:37,14/03/2026 01:00:47,1
MAO-260002747,Azul,Manifesto Entregue,3º TURNO,13/03/2026 23:05:00,14/03/2026 03:10:00,13/03/2026 23:33:47,14/03/2026 00:08:35,14/03/2026 03:48:42,14/03/2026 03:48:54,1
MAO-260002789,Gol,Manifesto Entregue,2º TURNO,14/03/2026 20:56:00,15/03/2026 00:58:00,14/03/2026 21:02:02,14/03/2026 21:10:38,14/03/2026 21:10:44,14/03/2026 21:10:47,1
MAO-260002790,Azul,Manifesto Entregue,2º TURNO,14/03/2026 20:37:00,15/03/2026 01:30:00,14/03/2026 21:36:30,14/03/2026 21:40:52,14/03/2026 21:40:56,14/03/2026 21:40:59,1
MAO-260002791,Azul,Manifesto Entregue,3º TURNO,14/03/2026 22:25:00,15/03/2026 02:26:00,14/03/2026 22:43:49,14/03/2026 23:17:28,14/03/2026 23:23:30,14/03/2026 23:40:25,1
MAO-260002792,Azul,Manifesto Entregue,3º TURNO,14/03/2026 22:24:00,15/03/2026 02:26:00,14/03/2026 22:36:25,14/03/2026 22:45:29,14/03/2026 23:23:32,14/03/2026 23:40:27,1
MAO-260002793,Azul,Manifesto Entregue,3º TURNO,14/03/2026 22:33:00,15/03/2026 02:42:00,14/03/2026 22:54:13,14/03/2026 23:17:29,14/03/2026 23:23:35,14/03/2026 23:40:32,1
MAO-260002794,Azul,Manifesto Entregue,3º TURNO,14/03/2026 23:19:00,15/03/2026 03:21:00,14/03/2026 23:31:11,14/03/2026 23:32:14,15/03/2026 01:11:51,15/03/2026 01:12:04,1
MAO-260002795,Gol,Manifesto Entregue,3º TURNO,14/03/2026 22:32:00,15/03/2026 03:33:00,14/03/2026 23:44:50,14/03/2026 23:56:45,15/03/2026 00:44:27,15/03/2026 00:44:43,1
MAO-260002796,Gol,Manifesto Entregue,3º TURNO,14/03/2026 23:23:00,15/03/2026 03:33:00,14/03/2026 23:44:47,14/03/2026 23:56:46,15/03/2026 00:44:31,15/03/2026 00:44:46,1
MAO-260002797,Gol,Manifesto Entregue,3º TURNO,14/03/2026 23:25:00,15/03/2026 03:30:00,14/03/2026 23:40:01,15/03/2026 00:09:50,15/03/2026 00:44:35,15/03/2026 00:44:49,1
MAO-260002798,Gol,Manifesto Entregue,3º TURNO,14/03/2026 23:25:00,15/03/2026 03:35:00,15/03/2026 00:11:15,15/03/2026 00:25:36,15/03/2026 01:11:50,15/03/2026 01:12:01,1
MAO-260002799,Gol,Manifesto Entregue,3º TURNO,14/03/2026 23:30:00,15/03/2026 03:35:00,14/03/2026 23:57:22,15/03/2026 00:21:16,15/03/2026 01:11:48,15/03/2026 01:11:58,1
MAO-260002812,Azul,Manifesto Entregue,3º TURNO,15/03/2026 22:47:00,16/03/2026 02:49:00,15/03/2026 22:52:11,15/03/2026 23:00:46,16/03/2026 00:33:46,16/03/2026 00:34:08,1
MAO-260002813,Latam,Manifesto Entregue,3º TURNO,15/03/2026 23:04:00,16/03/2026 03:07:00,15/03/2026 23:13:08,15/03/2026 23:42:24,16/03/2026 00:33:49,16/03/2026 00:34:05,1
MAO-260002814,Latam,Manifesto Entregue,3º TURNO,15/03/2026 23:03:00,16/03/2026 03:07:00,15/03/2026 23:13:15,15/03/2026 23:51:32,16/03/2026 00:33:52,16/03/2026 00:34:15,1
MAO-260002815,Latam,Manifesto Entregue,3º TURNO,15/03/2026 23:01:00,16/03/2026 03:07:00,15/03/2026 23:13:35,15/03/2026 23:54:47,16/03/2026 00:33:56,16/03/2026 00:34:03,1
MAO-260002842,Gol,Manifesto Entregue,2º TURNO,16/03/2026 20:51:00,17/03/2026 01:22:00,16/03/2026 21:38:20,16/03/2026 21:39:06,16/03/2026 21:39:14,16/03/2026 21:52:44,1
MAO-260002843,Modern,Manifesto Entregue,3º TURNO,16/03/2026 21:53:00,17/03/2026 01:57:00,16/03/2026 22:05:46,16/03/2026 22:19:05,16/03/2026 22:19:55,16/03/2026 22:20:27,1
MAO-260002844,Modern,Manifesto Entregue,3º TURNO,16/03/2026 21:54:00,17/03/2026 01:57:00,16/03/2026 22:07:06,16/03/2026 22:20:13,16/03/2026 22:20:23,16/03/2026 22:20:34,1
MAO-260002845,Gol,Manifesto Entregue,3º TURNO,16/03/2026 21:39:00,17/03/2026 01:40:00,16/03/2026 22:10:12,16/03/2026 22:19:36,16/03/2026 23:17:22,16/03/2026 23:17:29,1
MAO-260002846,Gol,Manifesto Entregue,3º TURNO,16/03/2026 22:03:00,17/03/2026 02:07:00,16/03/2026 22:10:15,16/03/2026 22:19:39,16/03/2026 23:17:25,16/03/2026 23:17:32,1
MAO-260002847,Azul,Manifesto Entregue,3º TURNO,16/03/2026 22:59:00,17/03/2026 03:16:00,16/03/2026 23:19:53,16/03/2026 23:29:23,16/03/2026 23:39:43,16/03/2026 23:39:46,1
MAO-260002848,Azul,Manifesto Entregue,3º TURNO,16/03/2026 23:12:00,17/03/2026 03:21:11,16/03/2026 23:23:08,16/03/2026 23:34:25,16/03/2026 23:39:52,16/03/2026 23:40:50,1
MAO-260002849,Azul,Manifesto Entregue,3º TURNO,16/03/2026 23:05:00,17/03/2026 03:33:00,16/03/2026 23:36:38,16/03/2026 23:58:33,16/03/2026 23:58:39,17/03/2026 00:35:04,1
MAO-260002850,Azul,Manifesto Entregue,3º TURNO,16/03/2026 23:52:00,17/03/2026 03:56:00,16/03/2026 23:59:13,17/03/2026 00:17:01,17/03/2026 00:35:17,17/03/2026 00:35:22,1
MAO-260002882,Gol,Manifesto Entregue,2º TURNO,17/03/2026 20:24:00,18/03/2026 00:26:00,17/03/2026 20:40:39,17/03/2026 20:44:04,17/03/2026 20:44:21,17/03/2026 20:44:25,1
MAO-260002883,Azul,Manifesto Entregue,2º TURNO,17/03/2026 18:20:00,18/03/2026 00:37:00,17/03/2026 20:43:29,17/03/2026 21:36:08,17/03/2026 21:36:19,17/03/2026 21:36:25,1
MAO-260002884,Gol,Manifesto Entregue,2º TURNO,17/03/2026 20:46:00,18/03/2026 00:49:00,17/03/2026 20:51:01,17/03/2026 21:21:14,17/03/2026 21:27:26,17/03/2026 21:27:34,1
MAO-260002885,Azul,Manifesto Entregue,2º TURNO,17/03/2026 21:11:00,18/03/2026 01:13:00,17/03/2026 21:37:40,17/03/2026 22:17:35,17/03/2026 22:17:43,17/03/2026 22:17:47,1
MAO-260002886,Latam,Manifesto Entregue,3º TURNO,17/03/2026 22:48:00,18/03/2026 02:50:00,17/03/2026 22:56:33,17/03/2026 23:46:37,17/03/2026 23:46:50,18/03/2026 00:37:41,1
MAO-260002887,Latam,Manifesto Entregue,3º TURNO,17/03/2026 22:46:00,18/03/2026 02:50:00,17/03/2026 22:57:33,17/03/2026 23:04:03,17/03/2026 23:30:04,17/03/2026 23:30:08,1
MAO-260002888,Azul,Manifesto Entregue,3º TURNO,17/03/2026 22:42:00,18/03/2026 02:53:00,17/03/2026 22:59:24,17/03/2026 23:05:08,18/03/2026 00:38:19,18/03/2026 00:38:22,1
MAO-260002889,Azul,Manifesto Entregue,3º TURNO,17/03/2026 22:45:00,18/03/2026 02:53:00,17/03/2026 22:59:20,17/03/2026 23:05:10,18/03/2026 00:39:53,18/03/2026 00:39:58,1
MAO-260002890,Azul,Manifesto Entregue,3º TURNO,17/03/2026 22:44:00,18/03/2026 02:53:00,17/03/2026 23:04:17,17/03/2026 23:17:07,18/03/2026 00:38:07,18/03/2026 00:38:10,1
MAO-260002891,Azul,Manifesto Entregue,3º TURNO,17/03/2026 22:41:00,18/03/2026 02:53:00,17/03/2026 23:06:06,17/03/2026 23:13:11,18/03/2026 00:15:51,18/03/2026 00:15:57,1
MAO-260002892,Latam,Manifesto Entregue,3º TURNO,17/03/2026 22:25:00,18/03/2026 02:54:00,17/03/2026 23:04:12,17/03/2026 23:12:43,17/03/2026 23:30:14,17/03/2026 23:30:18,1
MAO-260002893,Modern,Manifesto Entregue,3º TURNO,17/03/2026 23:08:00,18/03/2026 03:14:00,17/03/2026 23:17:23,17/03/2026 23:29:01,17/03/2026 23:29:17,17/03/2026 23:29:21,1
MAO-260002894,Azul,Manifesto Entregue,3º TURNO,17/03/2026 23:11:00,18/03/2026 03:18:00,17/03/2026 23:25:45,17/03/2026 23:41:41,18/03/2026 00:37:35,18/03/2026 00:37:45,1
MAO-260002895,Latam,Manifesto Entregue,3º TURNO,17/03/2026 23:43:00,18/03/2026 03:50:00,18/03/2026 00:43:25,18/03/2026 01:19:08,18/03/2026 02:58:17,18/03/2026 02:58:21,1
MAO-260002896,Latam,Manifesto Entregue,3º TURNO,17/03/2026 23:45:00,18/03/2026 03:50:00,17/03/2026 23:53:34,18/03/2026 00:45:27,18/03/2026 02:57:41,18/03/2026 02:57:46,1
MAO-260002897,Latam,Manifesto Entregue,3º TURNO,17/03/2026 23:56:00,18/03/2026 04:06:00,18/03/2026 00:47:02,18/03/2026 01:19:49,18/03/2026 02:58:41,18/03/2026 02:58:44,1
MAO-260002898,Latam,Manifesto Entregue,3º TURNO,17/03/2026 23:55:00,18/03/2026 04:02:00,18/03/2026 00:31:55,18/03/2026 01:10:28,18/03/2026 02:57:54,18/03/2026 02:57:57,1
MAO-260002940,Azul,Manifesto Entregue,3º TURNO,18/03/2026 20:56:00,19/03/2026 01:05:00,18/03/2026 22:05:45,18/03/2026 22:57:14,18/03/2026 23:55:39,18/03/2026 23:55:52,1
MAO-260002941,Azul,Manifesto Entregue,3º TURNO,18/03/2026 20:56:00,19/03/2026 01:05:00,18/03/2026 22:05:41,18/03/2026 22:57:11,18/03/2026 23:55:41,18/03/2026 23:55:49,1
MAO-260002942,Gol,Manifesto Entregue,3º TURNO,18/03/2026 21:53:00,19/03/2026 02:00:00,18/03/2026 22:24:32,18/03/2026 23:12:31,19/03/2026 00:31:18,19/03/2026 00:31:21,1
MAO-260002943,Gol,Manifesto Entregue,3º TURNO,18/03/2026 21:25:00,19/03/2026 02:00:00,18/03/2026 23:10:52,18/03/2026 23:53:18,18/03/2026 23:55:03,18/03/2026 23:55:06,1
MAO-260002944,Gol,Manifesto Entregue,3º TURNO,18/03/2026 21:56:00,19/03/2026 02:03:00,18/03/2026 23:45:30,19/03/2026 00:00:37,19/03/2026 00:31:37,19/03/2026 00:31:42,1
MAO-260002945,Gol,Manifesto Entregue,3º TURNO,18/03/2026 21:52:00,19/03/2026 02:05:00,18/03/2026 23:58:50,19/03/2026 00:17:40,19/03/2026 00:30:46,19/03/2026 00:30:49,1
MAO-260002946,Gol,Manifesto Entregue,3º TURNO,18/03/2026 21:54:00,19/03/2026 02:06:00,18/03/2026 23:51:26,18/03/2026 23:57:23,19/03/2026 00:31:25,19/03/2026 00:31:53,1
MAO-260002947,Modern,Manifesto Entregue,3º TURNO,18/03/2026 22:00:00,19/03/2026 02:11:00,18/03/2026 23:25:56,18/03/2026 23:48:12,18/03/2026 23:54:41,18/03/2026 23:54:45,1
MAO-260002948,Latam,Manifesto Entregue,3º TURNO,18/03/2026 21:00:00,19/03/2026 01:07:00,18/03/2026 23:24:53,18/03/2026 23:29:51,18/03/2026 23:55:17,18/03/2026 23:55:21,1
MAO-260002949,Azul,Manifesto Entregue,3º TURNO,18/03/2026 22:07:00,19/03/2026 02:17:00,18/03/2026 23:58:44,19/03/2026 00:17:39,19/03/2026 00:38:32,19/03/2026 01:22:36,1
MAO-260002950,Azul,Manifesto Entregue,3º TURNO,18/03/2026 22:05:00,19/03/2026 02:17:00,19/03/2026 00:52:16,19/03/2026 00:55:55,19/03/2026 01:22:40,19/03/2026 01:22:43,1
MAO-260002951,Azul,Manifesto Entregue,3º TURNO,18/03/2026 18:15:00,18/03/2026 22:23:00,19/03/2026 00:55:53,19/03/2026 01:22:23,19/03/2026 01:22:49,19/03/2026 01:22:56,1
MAO-260002952,Azul,Manifesto Entregue,3º TURNO,18/03/2026 22:41:00,19/03/2026 03:13:00,18/03/2026 23:44:35,19/03/2026 00:06:10,19/03/2026 00:35:22,19/03/2026 00:35:28,1
MAO-260002953,Azul,Manifesto Entregue,3º TURNO,18/03/2026 22:40:00,19/03/2026 03:13:00,18/03/2026 23:44:29,19/03/2026 00:06:03,19/03/2026 00:35:48,19/03/2026 00:35:51,1
MAO-260002954,Azul,Manifesto Entregue,3º TURNO,18/03/2026 22:39:00,19/03/2026 03:13:00,18/03/2026 23:57:36,19/03/2026 00:38:01,19/03/2026 00:38:11,19/03/2026 00:38:14,1
MAO-260002955,Latam,Manifesto Entregue,3º TURNO,18/03/2026 23:22:00,19/03/2026 03:26:00,18/03/2026 23:58:36,19/03/2026 00:17:37,19/03/2026 01:22:47,19/03/2026 01:22:52,1
MAO-260002956,Latam,Manifesto Entregue,3º TURNO,18/03/2026 23:32:00,19/03/2026 03:36:00,18/03/2026 23:52:33,19/03/2026 00:02:47,19/03/2026 01:23:11,19/03/2026 02:36:27,1
MAO-260002986,Gol,Manifesto Entregue,2º TURNO,19/03/2026 20:52:00,20/03/2026 00:54:00,19/03/2026 21:59:18,19/03/2026 22:25:00,19/03/2026 23:29:56,19/03/2026 23:30:10,1
MAO-260002987,Azul,Manifesto Entregue,3º TURNO,19/03/2026 22:16:00,20/03/2026 02:22:00,19/03/2026 22:27:52,19/03/2026 22:47:41,19/03/2026 23:29:46,19/03/2026 23:30:16,1
MAO-260002988,Gol,Manifesto Entregue,3º TURNO,19/03/2026 22:32:00,20/03/2026 02:36:00,19/03/2026 22:42:58,19/03/2026 23:15:09,20/03/2026 00:57:04,20/03/2026 00:57:51,1
MAO-260002989,Gol,Manifesto Entregue,3º TURNO,19/03/2026 22:29:00,20/03/2026 02:36:00,19/03/2026 22:44:31,19/03/2026 23:58:03,20/03/2026 00:57:07,20/03/2026 00:57:47,1
MAO-260002990,Gol,Manifesto Entregue,3º TURNO,19/03/2026 22:26:00,20/03/2026 02:36:00,19/03/2026 22:48:48,19/03/2026 22:59:17,20/03/2026 00:57:11,20/03/2026 00:57:43,1
MAO-260002991,Azul,Manifesto Entregue,3º TURNO,19/03/2026 22:34:00,20/03/2026 02:39:00,19/03/2026 23:00:05,19/03/2026 23:27:53,20/03/2026 00:04:32,20/03/2026 00:04:45,1
MAO-260002992,Azul,Manifesto Entregue,3º TURNO,19/03/2026 22:35:00,20/03/2026 02:39:00,19/03/2026 23:28:12,19/03/2026 23:49:27,20/03/2026 00:04:40,20/03/2026 00:04:50,1
MAO-260002993,Latam,Manifesto Entregue,3º TURNO,19/03/2026 22:47:00,20/03/2026 02:50:00,19/03/2026 23:02:29,20/03/2026 00:04:55,20/03/2026 01:44:06,20/03/2026 01:44:35,1
MAO-260002994,Latam,Manifesto Entregue,3º TURNO,19/03/2026 22:56:00,20/03/2026 03:04:17,19/03/2026 23:49:26,20/03/2026 00:38:12,20/03/2026 01:44:03,20/03/2026 01:44:31,1
MAO-260002995,Latam,Manifesto Entregue,3º TURNO,19/03/2026 22:58:00,20/03/2026 03:04:00,19/03/2026 23:38:51,20/03/2026 00:27:36,20/03/2026 01:43:59,20/03/2026 01:44:26,1
MAO-260002996,Latam,Manifesto Entregue,3º TURNO,19/03/2026 23:47:00,20/03/2026 03:55:00,20/03/2026 00:35:20,20/03/2026 00:53:12,20/03/2026 01:43:56,20/03/2026 01:44:18,1
MAO-260002997,Latam,Manifesto Entregue,3º TURNO,19/03/2026 23:51:00,20/03/2026 03:55:00,20/03/2026 00:35:14,20/03/2026 00:53:15,20/03/2026 01:43:52,20/03/2026 01:44:13,1
MAO-260002998,Latam,Manifesto Entregue,3º TURNO,19/03/2026 23:49:00,20/03/2026 03:55:00,20/03/2026 00:45:31,20/03/2026 01:46:17,20/03/2026 02:07:05,20/03/2026 02:07:08,1
MAO-260002999,Azul,Manifesto Entregue,3º TURNO,19/03/2026 23:54:00,20/03/2026 03:57:00,20/03/2026 00:09:12,20/03/2026 00:32:57,20/03/2026 00:57:22,20/03/2026 00:57:39,1
MAO-260003042,Gol,Manifesto Entregue,2º TURNO,20/03/2026 20:44:00,21/03/2026 00:55:00,20/03/2026 20:59:54,20/03/2026 21:36:20,20/03/2026 21:36:26,20/03/2026 21:36:32,1
MAO-260003043,Gol,Manifesto Entregue,2º TURNO,20/03/2026 21:40:00,21/03/2026 01:45:00,20/03/2026 22:01:24,20/03/2026 22:02:10,20/03/2026 23:49:35,20/03/2026 23:55:58,1
MAO-260003044,Azul,Manifesto Entregue,2º TURNO,20/03/2026 21:44:00,21/03/2026 01:47:00,20/03/2026 23:50:25,20/03/2026 23:54:38,20/03/2026 23:54:49,20/03/2026 23:55:52,1
MAO-260003045,Azul,Manifesto Entregue,2º TURNO,20/03/2026 21:44:00,21/03/2026 01:47:00,20/03/2026 21:59:02,20/03/2026 22:26:08,20/03/2026 23:49:42,20/03/2026 23:55:46,1
MAO-260003046,Azul,Manifesto Entregue,3º TURNO,20/03/2026 21:55:00,21/03/2026 02:02:00,20/03/2026 22:04:41,20/03/2026 22:38:20,20/03/2026 23:54:20,20/03/2026 23:55:43,1
MAO-260003047,Azul,Manifesto Entregue,3º TURNO,20/03/2026 22:42:00,21/03/2026 02:51:00,20/03/2026 23:33:41,20/03/2026 23:35:13,20/03/2026 23:54:25,21/03/2026 00:14:52,1
MAO-260003048,Azul,Manifesto Entregue,3º TURNO,20/03/2026 22:42:00,21/03/2026 02:53:00,20/03/2026 22:55:58,21/03/2026 00:08:45,21/03/2026 01:13:35,21/03/2026 01:14:59,1
MAO-260003049,Latam,Manifesto Entregue,3º TURNO,20/03/2026 22:51:00,21/03/2026 02:56:00,20/03/2026 23:04:43,20/03/2026 23:44:26,21/03/2026 01:16:55,21/03/2026 01:16:58,1
MAO-260003050,Latam,Manifesto Entregue,3º TURNO,20/03/2026 22:52:00,21/03/2026 02:56:00,20/03/2026 23:57:20,20/03/2026 23:59:13,21/03/2026 01:12:12,21/03/2026 01:12:40,1
MAO-260003051,Gol,Manifesto Entregue,3º TURNO,20/03/2026 23:08:00,21/03/2026 03:13:00,20/03/2026 23:34:19,21/03/2026 00:21:10,21/03/2026 01:17:04,21/03/2026 01:17:09,1
MAO-260003052,Azul,Manifesto Entregue,3º TURNO,20/03/2026 23:10:00,21/03/2026 03:21:00,20/03/2026 23:54:12,21/03/2026 01:14:34,21/03/2026 01:14:43,21/03/2026 01:14:55,1
MAO-260003053,Azul,Manifesto Entregue,3º TURNO,20/03/2026 23:13:00,21/03/2026 03:21:00,20/03/2026 23:54:20,21/03/2026 00:16:50,21/03/2026 01:13:57,21/03/2026 01:14:52,1
MAO-260003054,Latam,Manifesto Entregue,3º TURNO,20/03/2026 23:45:00,21/03/2026 03:48:00,20/03/2026 23:53:08,21/03/2026 00:39:28,21/03/2026 01:12:23,21/03/2026 01:12:43,1
MAO-260003055,Latam,Manifesto Entregue,3º TURNO,20/03/2026 23:44:00,21/03/2026 03:48:00,21/03/2026 00:17:06,21/03/2026 00:36:40,21/03/2026 01:12:01,21/03/2026 01:12:47,1
MAO-260003097,Gol,Manifesto Entregue,2º TURNO,21/03/2026 19:43:00,22/03/2026 00:03:00,21/03/2026 20:09:13,21/03/2026 20:41:13,21/03/2026 20:41:35,21/03/2026 20:41:39,1
MAO-260003098,Azul,Manifesto Entregue,2º TURNO,21/03/2026 21:06:00,22/03/2026 01:10:00,21/03/2026 21:12:00,21/03/2026 21:17:59,21/03/2026 21:18:04,21/03/2026 21:18:06,1
MAO-260003099,Azul,Manifesto Entregue,3º TURNO,21/03/2026 22:29:00,22/03/2026 02:32:00,21/03/2026 22:38:19,21/03/2026 22:49:07,21/03/2026 23:03:41,21/03/2026 23:03:44,1
MAO-260003100,Gol,Manifesto Entregue,3º TURNO,21/03/2026 22:02:00,22/03/2026 02:37:00,21/03/2026 22:39:29,21/03/2026 22:41:51,22/03/2026 00:07:02,22/03/2026 00:07:26,1
MAO-260003101,Latam,Manifesto Entregue,3º TURNO,21/03/2026 23:03:00,22/03/2026 03:05:00,21/03/2026 23:08:05,21/03/2026 23:35:56,22/03/2026 00:07:05,22/03/2026 00:07:24,1
MAO-260003102,Latam,Manifesto Entregue,3º TURNO,21/03/2026 22:59:00,22/03/2026 03:05:00,21/03/2026 23:08:50,21/03/2026 23:34:22,22/03/2026 00:07:10,22/03/2026 00:07:21,1
MAO-260003103,Latam,Manifesto Entregue,3º TURNO,21/03/2026 23:01:00,22/03/2026 03:05:00,21/03/2026 23:10:03,21/03/2026 23:33:12,22/03/2026 00:07:12,22/03/2026 00:07:17,1
MAO-260003133,Latam,Manifesto Entregue,3º TURNO,22/03/2026 22:34:00,23/03/2026 02:37:00,22/03/2026 22:40:24,22/03/2026 22:59:19,22/03/2026 22:59:34,22/03/2026 22:59:37,1
MAO-260003134,Gol,Manifesto Entregue,3º TURNO,22/03/2026 22:45:00,23/03/2026 02:48:00,22/03/2026 22:52:08,22/03/2026 23:37:30,23/03/2026 06:37:34,23/03/2026 06:37:38,1
MAO-260003135,Azul,Manifesto Entregue,3º TURNO,22/03/2026 22:47:00,23/03/2026 02:50:00,22/03/2026 22:52:02,22/03/2026 23:32:46,23/03/2026 06:37:19,23/03/2026 06:37:26,1
MAO-260003136,Latam,Manifesto Entregue,3º TURNO,22/03/2026 23:14:00,23/03/2026 03:18:00,22/03/2026 23:31:45,22/03/2026 23:41:46,22/03/2026 23:43:18,23/03/2026 06:36:52,1
MAO-260003137,Latam,Manifesto Entregue,3º TURNO,22/03/2026 23:13:00,23/03/2026 03:17:00,22/03/2026 23:33:18,22/03/2026 23:43:09,22/03/2026 23:43:22,23/03/2026 06:36:36,1
MAO-260003138,Azul,Manifesto Entregue,3º TURNO,22/03/2026 23:34:00,23/03/2026 03:37:14,23/03/2026 06:59:09,23/03/2026 07:00:16,23/03/2026 07:01:35,23/03/2026 07:01:44,1
MAO-260003167,Azul,Manifesto Entregue,2º TURNO,23/03/2026 19:47:00,24/03/2026 00:00:00,23/03/2026 20:12:05,23/03/2026 21:47:39,23/03/2026 21:54:36,23/03/2026 21:55:03,1
MAO-260003168,Azul,Manifesto Entregue,2º TURNO,23/03/2026 19:45:00,24/03/2026 00:01:00,23/03/2026 20:42:58,23/03/2026 21:53:22,23/03/2026 21:54:31,23/03/2026 21:55:01,1
MAO-260003169,Gol,Manifesto Entregue,2º TURNO,23/03/2026 19:51:00,24/03/2026 00:09:00,23/03/2026 21:53:48,23/03/2026 21:54:09,23/03/2026 21:54:28,23/03/2026 21:54:58,1
MAO-260003170,Latam,Manifesto Entregue,2º TURNO,23/03/2026 20:02:00,24/03/2026 00:06:00,23/03/2026 20:21:15,23/03/2026 20:42:40,23/03/2026 20:43:18,23/03/2026 21:54:55,1
MAO-260003171,Azul,Manifesto Entregue,2º TURNO,23/03/2026 19:45:00,24/03/2026 00:01:00,23/03/2026 20:42:56,23/03/2026 21:53:02,23/03/2026 21:54:25,23/03/2026 21:54:52,1
MAO-260003172,Azul,Manifesto Entregue,2º TURNO,23/03/2026 21:18:00,24/03/2026 01:21:00,23/03/2026 23:27:00,24/03/2026 00:50:54,24/03/2026 00:51:06,24/03/2026 00:51:11,1
MAO-260003173,Gol,Manifesto Entregue,3º TURNO,23/03/2026 21:37:00,24/03/2026 01:59:00,23/03/2026 22:03:16,23/03/2026 22:12:05,24/03/2026 00:51:51,24/03/2026 00:51:57,1
MAO-260003174,Gol,Manifesto Entregue,3º TURNO,23/03/2026 21:28:00,24/03/2026 01:30:00,23/03/2026 22:03:10,23/03/2026 22:11:20,24/03/2026 00:52:05,24/03/2026 00:52:10,1
MAO-260003175,Latam,Manifesto Entregue,3º TURNO,23/03/2026 21:41:00,24/03/2026 01:43:00,23/03/2026 22:04:53,23/03/2026 22:41:32,24/03/2026 01:59:33,24/03/2026 01:59:46,1
MAO-260003176,Azul,Manifesto Entregue,3º TURNO,23/03/2026 22:34:00,24/03/2026 02:38:00,23/03/2026 22:41:31,23/03/2026 23:06:27,24/03/2026 00:48:42,24/03/2026 00:48:47,1
MAO-260003177,Azul,Manifesto Entregue,3º TURNO,23/03/2026 23:10:00,24/03/2026 03:16:00,23/03/2026 23:21:36,24/03/2026 00:49:31,24/03/2026 00:49:45,24/03/2026 00:49:49,1
MAO-260003178,Latam,Manifesto Entregue,3º TURNO,23/03/2026 23:15:00,24/03/2026 03:19:00,24/03/2026 01:51:59,24/03/2026 01:52:09,24/03/2026 01:59:30,24/03/2026 01:59:43,1
MAO-260003179,Latam,Manifesto Entregue,3º TURNO,23/03/2026 23:11:00,24/03/2026 03:19:00,23/03/2026 23:24:25,24/03/2026 00:49:09,24/03/2026 00:51:23,24/03/2026 00:51:28,1
MAO-260003180,Latam,Manifesto Entregue,3º TURNO,23/03/2026 23:45:00,24/03/2026 03:46:00,24/03/2026 00:12:51,24/03/2026 00:25:18,24/03/2026 00:51:40,24/03/2026 00:51:46,1
MAO-260003217,Modern,Manifesto Entregue,3º TURNO,24/03/2026 21:16:00,25/03/2026 01:20:00,24/03/2026 22:02:37,24/03/2026 22:16:55,24/03/2026 23:10:15,24/03/2026 23:10:53,1
MAO-260003218,Azul,Manifesto Entregue,3º TURNO,24/03/2026 22:24:00,25/03/2026 02:26:00,24/03/2026 22:35:45,24/03/2026 23:27:23,25/03/2026 00:46:02,25/03/2026 00:54:25,1
MAO-260003219,Azul,Manifesto Entregue,3º TURNO,24/03/2026 22:12:00,25/03/2026 02:17:00,24/03/2026 22:37:04,24/03/2026 22:51:52,25/03/2026 00:46:07,25/03/2026 00:54:17,1
MAO-260003220,Azul,Manifesto Entregue,3º TURNO,24/03/2026 22:36:00,25/03/2026 02:42:00,24/03/2026 22:46:06,24/03/2026 23:08:07,25/03/2026 00:46:13,25/03/2026 00:54:13,1
MAO-260003221,Azul,Manifesto Entregue,3º TURNO,24/03/2026 22:48:00,25/03/2026 02:59:00,24/03/2026 23:11:59,24/03/2026 23:17:13,25/03/2026 00:46:19,25/03/2026 00:54:06,1
MAO-260003222,Azul,Manifesto Entregue,3º TURNO,24/03/2026 22:57:00,25/03/2026 03:00:00,24/03/2026 23:08:00,24/03/2026 23:29:19,25/03/2026 00:46:25,25/03/2026 00:54:09,1
MAO-260003223,Azul,Manifesto Entregue,3º TURNO,24/03/2026 23:01:00,25/03/2026 03:06:00,24/03/2026 23:12:45,24/03/2026 23:30:24,25/03/2026 00:46:29,25/03/2026 00:53:53,1
MAO-260003268,Gol,Manifesto Entregue,2º TURNO,25/03/2026 21:25:00,26/03/2026 01:27:00,25/03/2026 21:32:01,25/03/2026 21:44:18,25/03/2026 22:02:02,25/03/2026 22:02:04,1
MAO-260003269,Gol,Manifesto Entregue,3º TURNO,25/03/2026 22:24:00,26/03/2026 02:33:00,25/03/2026 22:45:10,25/03/2026 22:46:20,26/03/2026 01:14:04,26/03/2026 01:14:55,1
MAO-260003270,Gol,Manifesto Entregue,3º TURNO,25/03/2026 22:26:00,26/03/2026 02:33:00,25/03/2026 22:38:09,25/03/2026 23:35:38,26/03/2026 01:14:06,26/03/2026 01:15:00,1
MAO-260003271,Gol,Manifesto Entregue,3º TURNO,25/03/2026 22:30:00,26/03/2026 02:34:00,25/03/2026 22:41:14,25/03/2026 23:52:21,26/03/2026 01:14:09,26/03/2026 01:15:05,1
MAO-260003272,Latam,Manifesto Entregue,3º TURNO,25/03/2026 22:37:00,26/03/2026 02:40:00,25/03/2026 22:44:48,25/03/2026 23:50:36,26/03/2026 01:14:14,26/03/2026 01:15:07,1
MAO-260003273,Azul,Manifesto Entregue,3º TURNO,25/03/2026 22:36:00,26/03/2026 02:53:00,25/03/2026 22:55:08,26/03/2026 01:17:12,26/03/2026 01:17:40,26/03/2026 01:17:44,1
MAO-260003274,Azul,Manifesto Entregue,3º TURNO,25/03/2026 22:45:00,26/03/2026 02:53:00,25/03/2026 22:56:15,25/03/2026 22:59:23,26/03/2026 01:14:26,26/03/2026 01:15:11,1
MAO-260003275,Azul,Manifesto Entregue,3º TURNO,25/03/2026 22:41:00,26/03/2026 02:53:00,25/03/2026 22:59:17,25/03/2026 23:15:12,26/03/2026 01:14:35,26/03/2026 01:15:16,1
MAO-260003276,Azul,Manifesto Entregue,3º TURNO,25/03/2026 22:34:00,26/03/2026 02:53:00,25/03/2026 23:09:10,25/03/2026 23:36:50,26/03/2026 01:14:41,26/03/2026 01:15:21,1
MAO-260003277,Azul,Manifesto Entregue,3º TURNO,25/03/2026 22:38:00,26/03/2026 02:53:00,25/03/2026 23:00:55,25/03/2026 23:04:32,26/03/2026 01:14:48,26/03/2026 01:15:28,1
MAO-260003278,Latam,Manifesto Entregue,3º TURNO,25/03/2026 23:02:00,26/03/2026 03:06:00,25/03/2026 23:50:27,25/03/2026 23:52:27,26/03/2026 01:15:33,26/03/2026 01:15:49,1
MAO-260003279,Azul,Manifesto Entregue,3º TURNO,25/03/2026 23:10:00,26/03/2026 03:16:00,25/03/2026 23:50:42,26/03/2026 00:14:55,26/03/2026 01:15:39,26/03/2026 01:15:56,1
MAO-260003280,Azul,Manifesto Entregue,3º TURNO,25/03/2026 23:07:00,26/03/2026 03:16:00,25/03/2026 23:53:38,26/03/2026 00:08:39,26/03/2026 01:15:42,26/03/2026 01:16:02,1
MAO-260003281,Azul,Manifesto Entregue,3º TURNO,25/03/2026 23:09:00,26/03/2026 03:16:00,25/03/2026 23:38:44,26/03/2026 00:09:43,26/03/2026 01:16:45,26/03/2026 01:16:49,1
MAO-260003282,Azul,Manifesto Entregue,3º TURNO,25/03/2026 23:43:00,26/03/2026 03:47:00,26/03/2026 00:14:27,26/03/2026 00:33:53,26/03/2026 01:16:06,26/03/2026 01:16:35,1
MAO-260003335,Gol,Manifesto Entregue,2º TURNO,26/03/2026 20:01:00,27/03/2026 00:10:00,26/03/2026 20:24:44,26/03/2026 21:47:02,26/03/2026 21:47:33,26/03/2026 21:47:41,1
MAO-260003336,Latam,Manifesto Entregue,2º TURNO,26/03/2026 20:19:00,27/03/2026 00:22:00,26/03/2026 20:25:37,26/03/2026 21:47:27,26/03/2026 21:47:31,26/03/2026 21:47:35,1
MAO-260003337,Gol,Manifesto Entregue,2º TURNO,26/03/2026 21:08:00,27/03/2026 01:10:45,26/03/2026 21:10:59,26/03/2026 21:23:07,26/03/2026 21:23:12,26/03/2026 21:23:15,1
MAO-260003338,Gol,Manifesto Entregue,2º TURNO,26/03/2026 21:31:00,27/03/2026 01:40:00,26/03/2026 21:55:45,27/03/2026 00:00:39,27/03/2026 03:11:26,27/03/2026 03:13:10,1
MAO-260003339,Azul,Manifesto Entregue,2º TURNO,26/03/2026 21:41:00,27/03/2026 01:43:00,26/03/2026 23:23:27,26/03/2026 23:34:45,26/03/2026 23:34:55,26/03/2026 23:34:58,1
MAO-260003340,Azul,Manifesto Entregue,3º TURNO,26/03/2026 21:41:00,27/03/2026 01:43:00,26/03/2026 22:02:29,26/03/2026 22:21:50,27/03/2026 03:11:29,27/03/2026 03:13:22,1
MAO-260003341,Latam,Manifesto Entregue,3º TURNO,26/03/2026 22:52:00,27/03/2026 03:00:00,26/03/2026 23:05:26,26/03/2026 23:16:13,27/03/2026 03:11:32,27/03/2026 03:13:12,1
MAO-260003342,Latam,Manifesto Entregue,3º TURNO,26/03/2026 22:53:00,27/03/2026 03:01:00,26/03/2026 23:03:08,26/03/2026 23:46:43,27/03/2026 03:11:35,27/03/2026 03:13:35,1
MAO-260003343,Azul,Manifesto Entregue,3º TURNO,26/03/2026 23:37:00,27/03/2026 03:42:00,26/03/2026 23:46:41,27/03/2026 00:24:21,27/03/2026 03:11:38,27/03/2026 03:13:15,1
MAO-260003344,Azul,Manifesto Entregue,3º TURNO,26/03/2026 23:38:00,27/03/2026 03:44:00,26/03/2026 23:48:32,27/03/2026 00:22:24,27/03/2026 03:11:42,27/03/2026 03:13:17,1
MAO-260003345,Azul,Manifesto Entregue,3º TURNO,26/03/2026 23:47:00,27/03/2026 03:50:00,26/03/2026 23:56:57,27/03/2026 03:12:42,27/03/2026 03:12:51,27/03/2026 03:13:20,1
MAO-260003346,Modern,Manifesto Entregue,3º TURNO,26/03/2026 23:58:00,27/03/2026 04:03:00,27/03/2026 00:05:02,27/03/2026 00:20:07,27/03/2026 03:11:50,27/03/2026 03:13:28,1
MAO-260003388,Gol,Manifesto Entregue,2º TURNO,27/03/2026 20:37:00,28/03/2026 00:43:00,27/03/2026 22:00:22,27/03/2026 23:03:32,28/03/2026 02:56:52,28/03/2026 02:57:23,1
MAO-260003389,Gol,Manifesto Entregue,3º TURNO,27/03/2026 22:36:00,28/03/2026 02:43:00,27/03/2026 23:17:33,27/03/2026 23:31:36,28/03/2026 02:56:56,28/03/2026 02:57:25,1
MAO-260003390,Gol,Manifesto Entregue,3º TURNO,27/03/2026 22:38:00,28/03/2026 02:44:00,27/03/2026 23:04:12,27/03/2026 23:35:13,28/03/2026 02:56:59,28/03/2026 02:57:27,1
MAO-260003391,Latam,Manifesto Entregue,3º TURNO,27/03/2026 22:55:00,28/03/2026 02:58:00,27/03/2026 23:19:54,28/03/2026 00:08:20,28/03/2026 02:57:05,28/03/2026 02:57:29,1
MAO-260003392,Latam,Manifesto Entregue,3º TURNO,27/03/2026 23:17:00,28/03/2026 03:23:00,27/03/2026 23:31:41,28/03/2026 00:33:22,28/03/2026 02:57:08,28/03/2026 02:57:32,1
MAO-260003393,Latam,Manifesto Entregue,3º TURNO,27/03/2026 23:14:00,28/03/2026 03:23:00,27/03/2026 23:36:43,28/03/2026 00:01:30,28/03/2026 02:57:13,28/03/2026 02:57:35,1
MAO-260003394,Azul,Manifesto Entregue,3º TURNO,27/03/2026 23:26:00,28/03/2026 03:39:00,28/03/2026 00:23:07,28/03/2026 00:51:24,28/03/2026 05:53:03,28/03/2026 05:53:49,1
MAO-260003395,Azul,Manifesto Entregue,3º TURNO,27/03/2026 23:33:00,28/03/2026 03:39:00,27/03/2026 23:49:57,28/03/2026 00:11:53,28/03/2026 05:53:06,28/03/2026 05:53:55,1
MAO-260003396,Azul,Manifesto Entregue,3º TURNO,27/03/2026 23:28:00,28/03/2026 03:39:00,28/03/2026 00:33:59,28/03/2026 01:22:12,28/03/2026 05:53:08,28/03/2026 05:53:52,1
MAO-260003397,Azul,Manifesto Entregue,3º TURNO,27/03/2026 23:31:00,28/03/2026 03:39:00,28/03/2026 05:53:35,28/03/2026 05:56:11,28/03/2026 05:56:19,28/03/2026 05:56:34,1
MAO-260003398,Latam,Manifesto Entregue,3º TURNO,27/03/2026 23:36:00,28/03/2026 03:58:00,28/03/2026 00:08:41,28/03/2026 03:14:05,28/03/2026 05:53:12,28/03/2026 05:54:03,1
MAO-260003399,Latam,Manifesto Entregue,3º TURNO,27/03/2026 23:46:00,28/03/2026 03:58:00,28/03/2026 00:08:43,28/03/2026 00:40:29,28/03/2026 05:53:17,28/03/2026 05:53:57,1
MAO-260003400,Latam,Manifesto Entregue,3º TURNO,27/03/2026 23:55:00,28/03/2026 03:58:00,28/03/2026 00:10:28,28/03/2026 00:56:29,28/03/2026 05:53:20,28/03/2026 05:54:01,1
MAO-260003401,Azul,Manifesto Entregue,3º TURNO,27/03/2026 23:54:00,28/03/2026 03:58:00,28/03/2026 02:29:51,28/03/2026 03:11:54,28/03/2026 05:54:25,28/03/2026 05:54:36,1
MAO-260003433,Azul,Manifesto Entregue,2º TURNO,28/03/2026 20:01:00,29/03/2026 00:04:00,28/03/2026 20:16:18,28/03/2026 20:31:40,28/03/2026 20:31:43,28/03/2026 20:31:46,1
MAO-260003434,Latam,Manifesto Entregue,2º TURNO,28/03/2026 20:22:00,29/03/2026 00:30:00,28/03/2026 20:32:09,28/03/2026 20:47:11,28/03/2026 20:47:17,28/03/2026 20:47:20,1
MAO-260003435,Gol,Manifesto Entregue,2º TURNO,28/03/2026 20:48:00,29/03/2026 00:51:00,28/03/2026 20:54:39,28/03/2026 21:13:41,28/03/2026 21:13:45,28/03/2026 21:13:48,1
MAO-260003436,Latam,Manifesto Entregue,3º TURNO,28/03/2026 22:58:00,29/03/2026 03:00:00,28/03/2026 23:04:22,28/03/2026 23:12:45,28/03/2026 23:54:13,28/03/2026 23:54:22,1
MAO-260003439,Azul,Manifesto Entregue,3º TURNO,28/03/2026 23:49:00,29/03/2026 04:39:00,29/03/2026 00:50:01,29/03/2026 01:30:27,29/03/2026 03:07:43,29/03/2026 03:08:08,1
MAO-260003462,Azul,Manifesto Entregue,3º TURNO,29/03/2026 22:37:00,30/03/2026 02:41:00,29/03/2026 22:58:07,29/03/2026 23:19:07,30/03/2026 00:57:26,30/03/2026 00:58:01,1
MAO-260003463,Azul,Manifesto Entregue,3º TURNO,29/03/2026 22:31:00,30/03/2026 02:41:00,29/03/2026 23:09:19,29/03/2026 23:13:09,30/03/2026 00:57:29,30/03/2026 00:57:59,1
MAO-260003464,Azul,Manifesto Entregue,3º TURNO,29/03/2026 22:28:00,30/03/2026 02:41:00,29/03/2026 22:55:19,29/03/2026 23:18:38,30/03/2026 00:57:32,30/03/2026 00:57:55,1
MAO-260003465,Gol,Manifesto Entregue,3º TURNO,29/03/2026 22:40:00,30/03/2026 02:42:00,29/03/2026 23:00:37,29/03/2026 23:42:41,30/03/2026 02:18:49,30/03/2026 02:18:56,1
MAO-260003466,Gol,Manifesto Entregue,3º TURNO,29/03/2026 22:42:00,30/03/2026 02:43:00,29/03/2026 23:04:32,29/03/2026 23:42:39,30/03/2026 02:18:51,30/03/2026 02:18:59,1
MAO-260003467,Azul,Manifesto Entregue,3º TURNO,29/03/2026 23:06:00,30/03/2026 03:10:00,29/03/2026 23:13:16,29/03/2026 23:44:01,30/03/2026 00:57:37,30/03/2026 00:57:50,1
MAO-260003468,Azul,Manifesto Entregue,3º TURNO,29/03/2026 23:18:00,30/03/2026 03:23:00,29/03/2026 23:40:40,29/03/2026 23:44:57,30/03/2026 00:57:40,30/03/2026 00:57:45,1
MAO-260003495,Gol,Manifesto Entregue,2º TURNO,30/03/2026 20:03:00,31/03/2026 00:06:00,30/03/2026 20:11:31,30/03/2026 20:42:57,30/03/2026 20:43:32,30/03/2026 20:43:47,1
MAO-260003496,Modern,Manifesto Entregue,2º TURNO,30/03/2026 20:01:00,31/03/2026 00:07:00,30/03/2026 20:12:13,30/03/2026 20:43:25,30/03/2026 20:43:30,30/03/2026 20:43:45,1
MAO-260003497,Latam,Manifesto Entregue,2º TURNO,30/03/2026 20:31:00,31/03/2026 00:38:00,30/03/2026 20:43:05,30/03/2026 21:38:11,30/03/2026 21:38:30,30/03/2026 21:38:38,1
MAO-260003498,Latam,Manifesto Entregue,2º TURNO,30/03/2026 20:34:00,31/03/2026 00:36:00,30/03/2026 20:43:03,30/03/2026 21:38:10,30/03/2026 21:38:28,30/03/2026 21:38:35,1
MAO-260003499,Azul,Manifesto Entregue,2º TURNO,30/03/2026 20:45:00,31/03/2026 00:48:00,30/03/2026 20:50:27,30/03/2026 21:00:34,30/03/2026 21:00:43,30/03/2026 21:00:53,1
MAO-260003500,Azul,Manifesto Entregue,2º TURNO,30/03/2026 20:37:00,31/03/2026 00:40:00,30/03/2026 20:50:26,30/03/2026 21:00:33,30/03/2026 21:00:45,30/03/2026 21:00:51,1
MAO-260003501,Gol,Manifesto Entregue,2º TURNO,30/03/2026 20:26:00,31/03/2026 00:34:00,30/03/2026 20:50:25,30/03/2026 21:00:32,30/03/2026 21:00:47,30/03/2026 21:00:49,1
MAO-260003502,Latam,Manifesto Entregue,2º TURNO,30/03/2026 21:44:00,31/03/2026 01:57:00,30/03/2026 21:05:01,30/03/2026 21:07:58,30/03/2026 21:38:27,30/03/2026 21:38:33,1
MAO-260003503,Modern,Manifesto Entregue,2º TURNO,30/03/2026 21:12:00,31/03/2026 01:15:00,30/03/2026 21:16:35,30/03/2026 21:38:20,30/03/2026 21:38:25,30/03/2026 21:38:31,1
MAO-260003504,Gol,Manifesto Entregue,2º TURNO,30/03/2026 21:06:00,31/03/2026 01:20:00,30/03/2026 21:39:16,30/03/2026 22:26:18,30/03/2026 23:51:39,30/03/2026 23:51:57,1
MAO-260003505,Azul,Manifesto Entregue,2º TURNO,30/03/2026 21:45:00,31/03/2026 01:50:00,30/03/2026 21:59:13,30/03/2026 22:36:48,31/03/2026 00:36:04,31/03/2026 00:36:34,1
MAO-260003506,Latam,Manifesto Entregue,2º TURNO,30/03/2026 21:51:00,31/03/2026 01:53:00,30/03/2026 21:59:47,30/03/2026 22:11:03,30/03/2026 23:51:15,30/03/2026 23:51:28,1
MAO-260003507,Gol,Manifesto Entregue,3º TURNO,30/03/2026 22:01:00,31/03/2026 02:10:00,30/03/2026 22:42:26,30/03/2026 23:01:21,31/03/2026 00:36:01,31/03/2026 00:36:30,1
MAO-260003508,Azul,Manifesto Entregue,3º TURNO,30/03/2026 22:30:00,31/03/2026 02:36:00,30/03/2026 22:42:35,30/03/2026 23:01:19,31/03/2026 00:35:59,31/03/2026 00:36:27,1
MAO-260003509,Azul,Manifesto Entregue,3º TURNO,30/03/2026 22:32:00,31/03/2026 02:36:00,30/03/2026 23:14:22,31/03/2026 00:35:48,31/03/2026 00:35:55,31/03/2026 00:36:24,1
MAO-260003510,Gol,Manifesto Entregue,3º TURNO,30/03/2026 22:38:00,31/03/2026 02:41:00,30/03/2026 23:03:56,30/03/2026 23:37:40,31/03/2026 00:35:16,31/03/2026 00:36:20,1
MAO-260003511,Latam,Manifesto Entregue,3º TURNO,30/03/2026 22:39:00,31/03/2026 02:41:00,30/03/2026 23:03:32,30/03/2026 23:24:26,31/03/2026 00:35:13,31/03/2026 00:36:17,1
MAO-260003512,Latam,Manifesto Entregue,3º TURNO,30/03/2026 22:42:00,31/03/2026 02:48:00,30/03/2026 23:01:43,30/03/2026 23:15:28,31/03/2026 00:35:08,31/03/2026 00:36:14,1
MAO-260003513,Latam,Manifesto Entregue,3º TURNO,30/03/2026 23:26:00,31/03/2026 03:30:00,30/03/2026 23:33:17,30/03/2026 23:43:20,31/03/2026 00:35:04,31/03/2026 00:36:08,1
MAO-260003514,Latam,Manifesto Entregue,3º TURNO,30/03/2026 23:37:00,31/03/2026 03:44:00,31/03/2026 00:29:07,31/03/2026 00:32:18,31/03/2026 03:48:26,31/03/2026 03:50:57,1
MAO-260003515,Gol,Manifesto Entregue,3º TURNO,30/03/2026 23:59:00,31/03/2026 04:31:00,31/03/2026 00:37:31,31/03/2026 00:51:06,31/03/2026 03:48:35,31/03/2026 03:51:04,1
MAO-260003570,Gol,Manifesto Entregue,2º TURNO,31/03/2026 21:20:00,01/04/2026 01:25:00,31/03/2026 21:43:32,31/03/2026 21:46:56,31/03/2026 21:47:14,31/03/2026 21:47:17,1
MAO-260003571,Azul,Manifesto Entregue,2º TURNO,31/03/2026 21:27:00,01/04/2026 01:31:00,31/03/2026 21:59:51,31/03/2026 22:07:05,31/03/2026 23:05:50,31/03/2026 23:05:57,1
MAO-260003572,Latam,Manifesto Entregue,2º TURNO,31/03/2026 21:33:00,01/04/2026 01:34:00,31/03/2026 21:43:20,31/03/2026 21:46:47,31/03/2026 23:06:37,31/03/2026 23:06:43,1
MAO-260003573,Gol,Manifesto Entregue,2º TURNO,31/03/2026 21:34:00,01/04/2026 01:37:00,31/03/2026 21:59:38,31/03/2026 23:08:31,31/03/2026 23:08:47,31/03/2026 23:08:52,1
MAO-260003574,Gol,Manifesto Entregue,3º TURNO,31/03/2026 21:43:00,01/04/2026 01:44:00,31/03/2026 22:02:20,31/03/2026 23:00:37,31/03/2026 23:05:14,31/03/2026 23:05:18,1
MAO-260003575,Azul,Manifesto Entregue,3º TURNO,31/03/2026 22:16:00,01/04/2026 02:21:00,31/03/2026 22:25:54,31/03/2026 22:41:47,01/04/2026 00:10:02,01/04/2026 00:10:14,1
MAO-260003576,Azul,Manifesto Entregue,3º TURNO,31/03/2026 22:27:00,01/04/2026 02:30:00,31/03/2026 22:37:58,31/03/2026 23:00:35,01/04/2026 00:10:05,01/04/2026 00:10:17,1
MAO-260003577,Azul,Manifesto Entregue,3º TURNO,31/03/2026 22:28:00,01/04/2026 02:32:00,31/03/2026 22:38:00,31/03/2026 23:00:27,01/04/2026 00:10:08,01/04/2026 00:10:20,1
MAO-260003578,Azul,Manifesto Entregue,3º TURNO,31/03/2026 22:26:00,01/04/2026 02:30:00,31/03/2026 23:30:55,31/03/2026 23:40:54,01/04/2026 00:10:12,01/04/2026 00:10:23,1
MAO-260003579,Gol,Manifesto Entregue,3º TURNO,31/03/2026 22:32:00,01/04/2026 02:36:00,31/03/2026 22:43:23,31/03/2026 23:26:18,01/04/2026 00:52:47,01/04/2026 00:52:49,1
MAO-260003580,Gol,Manifesto Entregue,3º TURNO,31/03/2026 22:30:00,01/04/2026 02:33:00,31/03/2026 22:52:28,31/03/2026 23:01:11,01/04/2026 00:53:04,01/04/2026 00:53:09,1
MAO-260003581,Azul,Manifesto Entregue,3º TURNO,31/03/2026 23:08:00,01/04/2026 03:11:00,31/03/2026 23:26:52,31/03/2026 23:45:44,01/04/2026 00:10:32,01/04/2026 00:10:35,1
MAO-260003582,Gol,Manifesto Entregue,3º TURNO,31/03/2026 23:15:00,01/04/2026 03:22:00,01/04/2026 00:16:38,01/04/2026 00:51:48,01/04/2026 00:52:56,01/04/2026 00:52:59,1
MAO-260003624,Latam,Manifesto Entregue,2º TURNO,01/04/2026 19:54:00,02/04/2026 00:54:07,01/04/2026 20:54:38,01/04/2026 21:00:59,01/04/2026 21:55:13,01/04/2026 21:55:48,1
MAO-260003626,Azul,Manifesto Entregue,2º TURNO,01/04/2026 21:37:00,02/04/2026 01:42:00,01/04/2026 21:03:28,02/04/2026 00:09:37,02/04/2026 00:09:52,02/04/2026 00:09:55,1
MAO-260003627,Gol,Manifesto Entregue,3º TURNO,01/04/2026 21:27:00,02/04/2026 01:36:00,01/04/2026 22:01:27,01/04/2026 22:27:58,01/04/2026 22:59:33,01/04/2026 22:59:41,1
MAO-260003628,Latam,Manifesto Entregue,3º TURNO,01/04/2026 21:25:00,02/04/2026 01:36:00,01/04/2026 22:12:40,01/04/2026 23:20:30,02/04/2026 00:07:20,02/04/2026 00:07:23,1
MAO-260003629,Gol,Manifesto Entregue,3º TURNO,01/04/2026 21:57:00,02/04/2026 02:10:00,01/04/2026 22:45:24,01/04/2026 23:36:36,02/04/2026 00:08:04,02/04/2026 00:08:07,1
MAO-260003631,Gol,Manifesto Entregue,3º TURNO,01/04/2026 21:18:00,02/04/2026 01:22:00,01/04/2026 22:28:03,01/04/2026 22:41:54,01/04/2026 22:59:11,01/04/2026 22:59:15,1
MAO-260003632,Gol,Manifesto Entregue,3º TURNO,01/04/2026 22:20:00,02/04/2026 02:30:00,01/04/2026 22:38:44,01/04/2026 23:06:17,02/04/2026 00:10:06,02/04/2026 00:10:08,1
MAO-260003633,Gol,Manifesto Entregue,3º TURNO,01/04/2026 22:15:00,02/04/2026 02:30:00,01/04/2026 23:29:42,01/04/2026 23:31:20,02/04/2026 00:07:48,02/04/2026 00:07:51,1
MAO-260003634,Gol,Manifesto Entregue,3º TURNO,01/04/2026 22:17:00,02/04/2026 02:30:00,01/04/2026 22:42:02,01/04/2026 23:21:28,02/04/2026 00:08:14,02/04/2026 00:08:16,1
MAO-260003635,Latam,Manifesto Entregue,3º TURNO,01/04/2026 22:32:00,02/04/2026 02:36:00,01/04/2026 23:36:21,01/04/2026 23:54:29,02/04/2026 00:07:31,02/04/2026 00:07:34,1
MAO-260003636,Azul,Manifesto Entregue,3º TURNO,01/04/2026 22:23:00,02/04/2026 02:35:00,01/04/2026 23:14:39,01/04/2026 23:46:49,02/04/2026 00:08:26,02/04/2026 00:08:29,1
MAO-260003637,Azul,Manifesto Entregue,3º TURNO,01/04/2026 22:25:00,02/04/2026 02:37:00,01/04/2026 23:33:49,01/04/2026 23:48:05,02/04/2026 00:08:49,02/04/2026 00:08:52,1
MAO-260003638,Azul,Manifesto Entregue,3º TURNO,01/04/2026 22:20:00,02/04/2026 02:38:00,01/04/2026 22:47:20,01/04/2026 23:19:46,02/04/2026 00:08:58,02/04/2026 00:09:01,1
MAO-260003639,Azul,Manifesto Entregue,3º TURNO,01/04/2026 23:01:00,02/04/2026 03:10:00,01/04/2026 23:34:46,01/04/2026 23:48:04,02/04/2026 00:08:41,02/04/2026 00:08:43,1
MAO-260003640,Azul,Manifesto Entregue,3º TURNO,01/04/2026 23:30:00,02/04/2026 03:35:00,01/04/2026 23:53:19,02/04/2026 00:06:50,02/04/2026 01:56:57,02/04/2026 01:57:03,1
MAO-260003684,Latam,Manifesto Entregue,3º TURNO,02/04/2026 21:25:00,03/04/2026 03:37:00,02/04/2026 22:04:20,02/04/2026 22:30:24,03/04/2026 01:03:37,03/04/2026 01:03:41,1
MAO-260003685,Gol,Manifesto Entregue,3º TURNO,02/04/2026 21:13:00,03/04/2026 01:55:00,02/04/2026 23:00:10,02/04/2026 23:12:23,02/04/2026 23:40:06,02/04/2026 23:40:09,1
MAO-260003686,Gol,Manifesto Entregue,3º TURNO,02/04/2026 21:52:00,03/04/2026 02:07:00,02/04/2026 22:16:21,02/04/2026 22:48:16,02/04/2026 23:39:57,02/04/2026 23:40:00,1
MAO-260003687,Azul,Manifesto Entregue,3º TURNO,02/04/2026 21:02:00,03/04/2026 01:08:00,02/04/2026 22:17:58,02/04/2026 22:31:01,03/04/2026 01:01:47,03/04/2026 01:01:51,1
MAO-260003688,Latam,Manifesto Entregue,3º TURNO,02/04/2026 22:26:00,03/04/2026 02:32:00,02/04/2026 22:34:36,02/04/2026 22:51:48,02/04/2026 23:40:24,02/04/2026 23:40:27,1
MAO-260003689,Gol,Manifesto Entregue,3º TURNO,02/04/2026 22:55:00,03/04/2026 03:00:00,02/04/2026 23:05:51,02/04/2026 23:51:07,03/04/2026 01:01:26,03/04/2026 01:01:30,1
MAO-260003690,Gol,Manifesto Entregue,3º TURNO,02/04/2026 22:52:00,03/04/2026 03:00:00,02/04/2026 23:07:16,03/04/2026 00:16:59,03/04/2026 01:01:17,03/04/2026 01:01:21,1
MAO-260003691,Gol,Manifesto Entregue,3º TURNO,02/04/2026 22:50:00,03/04/2026 03:00:00,02/04/2026 23:53:32,02/04/2026 23:56:08,03/04/2026 01:01:37,03/04/2026 01:01:40,1
MAO-260003692,Azul,Manifesto Entregue,3º TURNO,02/04/2026 22:56:00,03/04/2026 03:14:00,02/04/2026 23:54:19,03/04/2026 00:08:45,03/04/2026 01:03:30,03/04/2026 01:03:33,1
MAO-260003693,Azul,Manifesto Entregue,3º TURNO,02/04/2026 22:51:00,03/04/2026 03:14:00,03/04/2026 00:11:23,03/04/2026 00:40:19,03/04/2026 01:01:07,03/04/2026 01:01:10,1
MAO-260003694,Azul,Manifesto Entregue,3º TURNO,02/04/2026 23:11:00,03/04/2026 03:14:00,02/04/2026 23:46:39,03/04/2026 03:43:54,03/04/2026 03:56:21,03/04/2026 03:57:41,1
MAO-260003695,Azul,Manifesto Entregue,3º TURNO,02/04/2026 22:52:00,03/04/2026 03:14:00,02/04/2026 23:54:33,03/04/2026 00:08:43,03/04/2026 01:00:15,03/04/2026 01:00:25,1
MAO-260003696,Azul,Manifesto Entregue,3º TURNO,02/04/2026 23:12:00,03/04/2026 03:14:00,02/04/2026 23:53:17,02/04/2026 23:56:10,03/04/2026 01:00:33,03/04/2026 01:00:37,1
MAO-260003697,Azul,Manifesto Entregue,3º TURNO,02/04/2026 23:01:00,03/04/2026 03:14:00,02/04/2026 23:55:56,03/04/2026 00:11:44,03/04/2026 01:00:00,03/04/2026 01:00:22,1
MAO-260003698,Azul,Manifesto Entregue,3º TURNO,02/04/2026 22:58:00,03/04/2026 03:14:00,02/04/2026 23:53:39,02/04/2026 23:57:19,03/04/2026 00:18:03,03/04/2026 00:18:07,1
MAO-260003699,Azul,Manifesto Entregue,3º TURNO,02/04/2026 22:54:00,03/04/2026 03:30:00,02/04/2026 23:46:52,03/04/2026 00:29:49,03/04/2026 00:58:52,03/04/2026 01:00:19,1
MAO-260003700,Azul,Manifesto Entregue,3º TURNO,02/04/2026 23:49:00,03/04/2026 04:02:00,03/04/2026 00:29:11,03/04/2026 00:41:09,03/04/2026 01:00:54,03/04/2026 01:01:02,1
MAO-260003701,Azul,Manifesto Entregue,3º TURNO,02/04/2026 00:57:00,03/04/2026 04:03:00,03/04/2026 01:13:27,03/04/2026 03:51:09,03/04/2026 03:55:41,03/04/2026 03:56:56,1
MAO-260003728,Azul,Manifesto Entregue,3º TURNO,03/04/2026 23:02:00,04/04/2026 03:09:00,03/04/2026 23:13:36,03/04/2026 23:23:05,04/04/2026 00:05:57,04/04/2026 00:06:11,1
MAO-260003729,Azul,Manifesto Entregue,3º TURNO,03/04/2026 23:00:00,04/04/2026 03:09:00,03/04/2026 23:16:16,03/04/2026 23:27:15,04/04/2026 00:06:00,04/04/2026 00:06:08,1
MAO-260003730,Azul,Manifesto Entregue,3º TURNO,03/04/2026 23:03:00,04/04/2026 03:09:00,03/04/2026 23:16:06,03/04/2026 23:20:37,04/04/2026 00:06:03,04/04/2026 00:06:06,1
MAO-260003731,Latam,Manifesto Entregue,3º TURNO,03/04/2026 23:50:00,04/04/2026 04:03:00,04/04/2026 00:09:08,04/04/2026 00:22:12,04/04/2026 05:38:04,04/04/2026 05:38:25,1
MAO-260003732,Latam,Manifesto Entregue,3º TURNO,03/04/2026 23:44:00,04/04/2026 04:03:00,04/04/2026 00:10:54,04/04/2026 04:10:58,04/04/2026 05:38:07,04/04/2026 05:38:27,1
MAO-260003733,Latam,Manifesto Entregue,3º TURNO,03/04/2026 23:48:00,04/04/2026 04:03:00,04/04/2026 00:10:02,04/04/2026 00:24:03,04/04/2026 05:38:09,04/04/2026 05:38:30,1
MAO-260003758,Azul,Manifesto Entregue,3º TURNO,04/04/2026 22:37:00,05/04/2026 02:40:00,04/04/2026 22:43:06,04/04/2026 22:54:33,05/04/2026 03:54:48,05/04/2026 03:54:58,1
MAO-260003759,Latam,Manifesto Entregue,3º TURNO,04/04/2026 22:51:00,05/04/2026 02:53:00,04/04/2026 22:58:31,05/04/2026 03:54:43,05/04/2026 03:54:53,05/04/2026 03:55:08,1
MAO-260003760,Latam,Manifesto Entregue,3º TURNO,04/04/2026 22:50:00,05/04/2026 02:53:00,04/04/2026 22:58:45,04/04/2026 23:06:23,05/04/2026 03:54:51,05/04/2026 03:55:05,1
MAO-260003771,Azul,Manifesto Entregue,3º TURNO,05/04/2026 22:25:00,06/04/2026 02:26:00,05/04/2026 23:24:40,05/04/2026 23:26:01,05/04/2026 23:26:38,05/04/2026 23:26:47,1
MAO-260003772,Azul,Manifesto Entregue,3º TURNO,05/04/2026 22:23:00,06/04/2026 02:29:00,05/04/2026 23:25:01,05/04/2026 23:26:10,05/04/2026 23:26:42,05/04/2026 23:26:45,1
MAO-260003773,Latam,Manifesto Entregue,3º TURNO,05/04/2026 23:19:00,06/04/2026 03:22:00,05/04/2026 23:24:39,05/04/2026 23:25:59,06/04/2026 01:48:54,06/04/2026 01:48:57,1
MAO-260003798,Latam,Manifesto Entregue,2º TURNO,06/04/2026 21:07:00,07/04/2026 01:09:00,06/04/2026 21:13:09,06/04/2026 21:24:38,06/04/2026 21:25:17,06/04/2026 21:25:23,1
MAO-260003799,Azul,Manifesto Entregue,2º TURNO,06/04/2026 21:04:00,07/04/2026 01:06:00,06/04/2026 21:26:04,06/04/2026 21:32:16,07/04/2026 01:33:12,07/04/2026 02:10:33,1
MAO-260003800,Latam,Manifesto Entregue,2º TURNO,06/04/2026 21:24:00,07/04/2026 01:26:00,06/04/2026 21:32:00,06/04/2026 21:34:09,06/04/2026 21:39:43,06/04/2026 21:39:46,1
MAO-260003801,Gol,Manifesto Entregue,2º TURNO,06/04/2026 21:20:00,07/04/2026 01:26:00,06/04/2026 21:39:35,06/04/2026 21:43:17,06/04/2026 21:43:28,06/04/2026 21:43:30,1
MAO-260003802,Gol,Manifesto Entregue,2º TURNO,06/04/2026 21:36:00,07/04/2026 01:40:00,06/04/2026 21:57:39,06/04/2026 23:00:27,07/04/2026 01:31:23,07/04/2026 02:10:49,1
MAO-260003803,Azul,Manifesto Entregue,3º TURNO,06/04/2026 21:55:00,07/04/2026 02:00:00,06/04/2026 22:06:11,06/04/2026 22:39:51,07/04/2026 00:01:53,07/04/2026 00:29:38,1
MAO-260003804,Azul,Manifesto Entregue,3º TURNO,06/04/2026 21:55:00,07/04/2026 02:21:00,06/04/2026 22:25:56,06/04/2026 23:16:12,07/04/2026 00:01:44,07/04/2026 00:29:34,1
MAO-260003805,Gol,Manifesto Entregue,3º TURNO,06/04/2026 22:13:00,07/04/2026 02:27:00,06/04/2026 23:16:44,06/04/2026 23:34:38,07/04/2026 00:01:28,07/04/2026 00:29:29,1
MAO-260003806,Azul,Manifesto Entregue,3º TURNO,06/04/2026 22:23:00,07/04/2026 02:29:00,06/04/2026 23:01:18,07/04/2026 00:00:07,07/04/2026 00:01:06,07/04/2026 00:01:16,1
MAO-260003807,Azul,Manifesto Entregue,3º TURNO,06/04/2026 22:22:00,07/04/2026 02:29:00,06/04/2026 23:02:26,06/04/2026 23:06:55,06/04/2026 23:57:48,06/04/2026 23:57:52,1
MAO-260003808,Azul,Manifesto Entregue,3º TURNO,06/04/2026 22:20:00,07/04/2026 02:26:00,06/04/2026 23:15:52,06/04/2026 23:34:36,06/04/2026 23:58:34,06/04/2026 23:58:42,1
MAO-260003809,Latam,Manifesto Cancelado,3º TURNO,06/04/2026 22:29:00,07/04/2026 02:39:00,06/04/2026 23:16:10,06/04/2026 23:34:34,---,---,1
MAO-260003810,Azul,Manifesto Entregue,3º TURNO,06/04/2026 22:31:00,07/04/2026 02:41:00,06/04/2026 22:46:13,06/04/2026 22:53:21,06/04/2026 23:59:46,06/04/2026 23:59:49,1
MAO-260003811,Latam,Manifesto Entregue,3º TURNO,06/04/2026 22:47:00,07/04/2026 02:54:00,06/04/2026 23:50:30,07/04/2026 00:27:47,07/04/2026 01:30:58,07/04/2026 05:10:16,1
MAO-260003812,Azul,Manifesto Entregue,3º TURNO,06/04/2026 23:15:00,07/04/2026 03:25:00,06/04/2026 23:34:33,06/04/2026 23:55:16,06/04/2026 23:56:55,06/04/2026 23:57:08,1
MAO-260003813,Gol,Manifesto Entregue,3º TURNO,06/04/2026 21:45:00,07/04/2026 03:35:00,06/04/2026 23:55:19,07/04/2026 00:27:23,07/04/2026 01:32:42,07/04/2026 05:10:23,1
MAO-260003860,Modern,Manifesto Entregue,2º TURNO,07/04/2026 20:27:00,08/04/2026 00:30:00,07/04/2026 20:34:16,07/04/2026 20:47:35,07/04/2026 20:47:41,07/04/2026 20:47:46,1
MAO-260003861,Modern,Manifesto Entregue,2º TURNO,07/04/2026 20:27:00,08/04/2026 00:30:00,07/04/2026 20:35:39,07/04/2026 20:52:53,07/04/2026 21:08:14,07/04/2026 21:08:35,1
MAO-260003862,Latam,Manifesto Entregue,2º TURNO,07/04/2026 20:31:00,08/04/2026 00:32:00,07/04/2026 20:47:37,07/04/2026 21:24:19,07/04/2026 21:25:17,07/04/2026 21:25:39,1
MAO-260003863,Gol,Manifesto Entregue,2º TURNO,07/04/2026 20:57:00,08/04/2026 01:00:00,07/04/2026 21:07:44,07/04/2026 21:25:01,07/04/2026 21:25:12,07/04/2026 21:25:43,1
MAO-260003864,Latam,Manifesto Entregue,2º TURNO,07/04/2026 21:08:00,08/04/2026 01:13:00,07/04/2026 21:19:28,07/04/2026 21:23:37,07/04/2026 21:25:07,07/04/2026 21:25:47,1
MAO-260003865,Latam,Manifesto Entregue,2º TURNO,07/04/2026 21:09:00,08/04/2026 01:13:00,07/04/2026 21:26:59,07/04/2026 21:31:43,07/04/2026 21:31:48,07/04/2026 21:31:55,1
MAO-260003866,Gol,Manifesto Entregue,2º TURNO,07/04/2026 21:39:00,08/04/2026 01:42:00,07/04/2026 21:53:55,08/04/2026 00:00:56,08/04/2026 00:01:04,08/04/2026 00:01:11,1
MAO-260003867,Azul,Manifesto Entregue,3º TURNO,07/04/2026 22:01:00,08/04/2026 02:07:00,07/04/2026 22:10:38,07/04/2026 22:43:17,07/04/2026 23:41:51,07/04/2026 23:41:55,1
MAO-260003868,Latam,Manifesto Entregue,3º TURNO,07/04/2026 22:30:00,08/04/2026 02:39:00,07/04/2026 22:42:55,07/04/2026 22:56:26,08/04/2026 00:25:36,08/04/2026 00:25:38,1
MAO-260003869,Azul,Manifesto Entregue,3º TURNO,07/04/2026 22:26:00,08/04/2026 03:00:00,07/04/2026 23:13:29,07/04/2026 23:39:23,08/04/2026 01:05:47,08/04/2026 01:06:34,1
MAO-260003870,Azul,Manifesto Entregue,3º TURNO,07/04/2026 22:35:00,08/04/2026 03:00:00,07/04/2026 23:12:19,07/04/2026 23:39:08,08/04/2026 01:05:52,08/04/2026 01:06:37,1
MAO-260003871,Gol,Manifesto Entregue,3º TURNO,07/04/2026 22:40:00,08/04/2026 02:50:00,07/04/2026 23:16:20,08/04/2026 00:04:36,08/04/2026 01:05:55,08/04/2026 01:06:40,1
MAO-260003872,Gol,Manifesto Entregue,3º TURNO,07/04/2026 22:44:00,08/04/2026 02:50:00,07/04/2026 23:15:12,08/04/2026 00:18:13,08/04/2026 01:06:00,08/04/2026 01:06:42,1
MAO-260003873,Gol,Manifesto Entregue,3º TURNO,07/04/2026 22:46:00,08/04/2026 02:50:00,07/04/2026 23:14:31,07/04/2026 23:59:15,08/04/2026 01:06:06,08/04/2026 01:06:45,1
MAO-260003874,Azul,Manifesto Entregue,3º TURNO,07/04/2026 22:28:00,08/04/2026 03:00:00,07/04/2026 23:18:07,08/04/2026 00:05:07,08/04/2026 01:42:49,08/04/2026 01:42:52,1
MAO-260003875,Azul,Manifesto Entregue,3º TURNO,07/04/2026 22:59:00,08/04/2026 03:00:00,07/04/2026 23:42:24,08/04/2026 00:00:51,08/04/2026 01:42:46,08/04/2026 01:42:53,1
MAO-260003876,Azul,Manifesto Entregue,3º TURNO,07/04/2026 22:49:00,08/04/2026 03:00:00,08/04/2026 00:05:50,08/04/2026 00:16:21,08/04/2026 01:42:43,08/04/2026 01:43:00,1
MAO-260003877,Azul,Manifesto Entregue,3º TURNO,07/04/2026 22:27:00,08/04/2026 03:00:00,08/04/2026 00:05:48,08/04/2026 00:16:18,08/04/2026 01:42:41,08/04/2026 01:43:03,1
MAO-260003878,Latam,Manifesto Entregue,3º TURNO,07/04/2026 23:20:00,08/04/2026 03:24:00,08/04/2026 00:15:52,08/04/2026 00:47:53,08/04/2026 01:42:39,08/04/2026 01:43:18,1
MAO-260003879,Latam,Manifesto Entregue,3º TURNO,07/04/2026 23:21:00,08/04/2026 03:24:00,08/04/2026 00:13:12,08/04/2026 00:47:55,08/04/2026 01:42:36,08/04/2026 01:43:05,1
MAO-260003880,Latam,Manifesto Entregue,3º TURNO,07/04/2026 23:21:00,08/04/2026 03:24:00,08/04/2026 00:17:23,08/04/2026 00:31:11,08/04/2026 01:42:33,08/04/2026 01:43:15,1
MAO-260003881,Modern,Manifesto Entregue,3º TURNO,07/04/2026 23:45:00,08/04/2026 03:47:00,08/04/2026 00:02:26,08/04/2026 00:25:57,08/04/2026 00:26:05,08/04/2026 00:26:07,1
MAO-260003933,Latam,Manifesto Entregue,2º TURNO,08/04/2026 20:02:00,09/04/2026 00:04:00,08/04/2026 20:30:16,08/04/2026 20:45:40,08/04/2026 21:31:45,08/04/2026 21:32:42,1
MAO-260003934,Latam,Manifesto Entregue,2º TURNO,08/04/2026 20:06:00,09/04/2026 00:08:00,08/04/2026 20:35:10,08/04/2026 20:37:22,08/04/2026 21:31:38,08/04/2026 21:32:40,1
MAO-260003935,Azul,Manifesto Entregue,2º TURNO,08/04/2026 20:42:00,09/04/2026 00:50:00,08/04/2026 20:51:58,08/04/2026 21:32:05,08/04/2026 21:32:14,08/04/2026 21:32:50,1
MAO-260003936,Latam,Manifesto Entregue,2º TURNO,08/04/2026 21:05:00,09/04/2026 01:10:00,08/04/2026 21:21:04,08/04/2026 21:24:12,08/04/2026 21:31:36,08/04/2026 21:32:37,1
MAO-260003937,Gol,Manifesto Entregue,2º TURNO,08/04/2026 21:06:00,09/04/2026 01:11:00,08/04/2026 21:31:29,08/04/2026 21:34:07,08/04/2026 21:37:45,08/04/2026 21:37:50,1
MAO-260003938,Gol,Manifesto Entregue,2º TURNO,08/04/2026 21:06:00,09/04/2026 01:11:00,08/04/2026 21:30:13,08/04/2026 21:33:05,08/04/2026 21:33:09,08/04/2026 21:33:11,1
MAO-260003939,Gol,Manifesto Entregue,3º TURNO,08/04/2026 21:56:00,09/04/2026 01:58:00,08/04/2026 22:02:20,08/04/2026 22:09:16,08/04/2026 23:28:10,09/04/2026 00:11:21,1
MAO-260003940,Latam,Manifesto Entregue,3º TURNO,08/04/2026 22:20:00,09/04/2026 02:22:00,08/04/2026 22:25:10,08/04/2026 22:57:04,08/04/2026 23:28:13,09/04/2026 00:11:18,1
MAO-260003941,Azul,Manifesto Entregue,3º TURNO,08/04/2026 22:35:00,09/04/2026 02:40:00,09/04/2026 00:11:55,09/04/2026 00:15:47,09/04/2026 00:15:56,09/04/2026 00:15:59,1
MAO-260003942,Azul,Manifesto Entregue,3º TURNO,08/04/2026 22:34:00,09/04/2026 02:40:00,08/04/2026 22:47:58,08/04/2026 22:57:06,08/04/2026 23:28:29,09/04/2026 00:11:13,1
MAO-260003943,Azul,Manifesto Entregue,3º TURNO,08/04/2026 22:37:00,09/04/2026 02:40:00,08/04/2026 22:58:09,09/04/2026 00:13:12,09/04/2026 00:14:44,09/04/2026 00:14:49,1
MAO-260003944,Azul,Manifesto Entregue,3º TURNO,08/04/2026 22:40:00,09/04/2026 02:41:00,08/04/2026 22:50:09,08/04/2026 22:54:00,08/04/2026 23:28:47,09/04/2026 00:11:26,1
MAO-260003945,Azul,Manifesto Entregue,3º TURNO,08/04/2026 22:42:00,09/04/2026 02:48:00,08/04/2026 22:55:43,08/04/2026 23:26:14,08/04/2026 23:28:53,09/04/2026 00:11:32,1
MAO-260003946,Azul,Manifesto Entregue,3º TURNO,08/04/2026 22:44:00,09/04/2026 02:49:00,08/04/2026 22:51:48,08/04/2026 23:05:04,08/04/2026 23:28:58,09/04/2026 00:11:29,1
MAO-260003947,Latam,Manifesto Entregue,3º TURNO,08/04/2026 22:57:00,09/04/2026 03:06:00,08/04/2026 23:10:53,08/04/2026 23:24:39,09/04/2026 00:38:49,09/04/2026 00:38:54,1
MAO-260003948,Latam,Manifesto Entregue,3º TURNO,08/04/2026 22:58:00,09/04/2026 03:06:00,08/04/2026 23:29:56,08/04/2026 23:36:41,09/04/2026 00:38:46,09/04/2026 00:38:51,1
MAO-260003949,Azul,Manifesto Entregue,3º TURNO,08/04/2026 23:22:00,09/04/2026 03:26:00,08/04/2026 23:28:41,08/04/2026 23:29:48,09/04/2026 01:33:31,09/04/2026 01:33:35,1
MAO-260003985,Gol,Manifesto Entregue,2º TURNO,09/04/2026 20:36:00,10/04/2026 00:40:00,09/04/2026 20:46:33,09/04/2026 21:14:31,09/04/2026 22:17:49,09/04/2026 22:17:59,1
MAO-260003986,Gol,Manifesto Entregue,2º TURNO,09/04/2026 20:37:00,10/04/2026 00:40:00,09/04/2026 20:46:35,09/04/2026 21:14:33,09/04/2026 22:17:47,09/04/2026 22:17:53,1
MAO-260003987,Gol,Manifesto Entregue,2º TURNO,09/04/2026 20:52:00,10/04/2026 01:06:00,09/04/2026 21:14:40,09/04/2026 23:22:44,09/04/2026 23:22:55,09/04/2026 23:23:12,1
MAO-260003988,Gol,Manifesto Entregue,2º TURNO,09/04/2026 20:52:00,10/04/2026 00:55:00,09/04/2026 21:14:38,09/04/2026 23:22:46,09/04/2026 23:22:57,09/04/2026 23:23:14,1
MAO-260003989,Latam,Manifesto Entregue,3º TURNO,09/04/2026 22:35:00,10/04/2026 02:40:00,09/04/2026 22:44:57,09/04/2026 23:12:47,09/04/2026 23:21:03,09/04/2026 23:21:08,1
MAO-260003990,Azul,Manifesto Entregue,3º TURNO,09/04/2026 22:30:00,10/04/2026 02:56:00,09/04/2026 23:05:55,09/04/2026 23:34:55,10/04/2026 01:41:17,10/04/2026 01:43:23,1
MAO-260003991,Azul,Manifesto Entregue,3º TURNO,09/04/2026 22:42:00,10/04/2026 02:58:00,09/04/2026 23:26:16,09/04/2026 23:47:43,10/04/2026 01:41:20,10/04/2026 01:43:20,1
MAO-260003992,Azul,Manifesto Entregue,3º TURNO,09/04/2026 22:23:00,10/04/2026 02:57:00,09/04/2026 23:10:05,09/04/2026 23:36:14,10/04/2026 01:41:24,10/04/2026 01:43:17,1
MAO-260003993,Azul,Manifesto Entregue,3º TURNO,09/04/2026 22:43:00,10/04/2026 02:55:00,09/04/2026 23:23:56,09/04/2026 23:34:07,10/04/2026 01:41:27,10/04/2026 01:43:14,1
MAO-260003994,Azul,Manifesto Entregue,3º TURNO,09/04/2026 22:43:00,10/04/2026 02:54:00,09/04/2026 23:10:11,09/04/2026 23:36:12,10/04/2026 01:41:30,10/04/2026 01:43:11,1
MAO-260003995,Gol,Manifesto Entregue,3º TURNO,09/04/2026 22:59:00,10/04/2026 03:05:00,09/04/2026 23:12:28,09/04/2026 23:18:47,09/04/2026 23:19:08,09/04/2026 23:19:11,1
MAO-260003996,Latam,Manifesto Entregue,3º TURNO,09/04/2026 21:14:00,10/04/2026 01:23:00,09/04/2026 23:26:09,09/04/2026 23:47:45,10/04/2026 01:41:34,10/04/2026 01:43:08,1
MAO-260003997,Azul,Manifesto Entregue,3º TURNO,09/04/2026 23:56:00,10/04/2026 04:02:00,10/04/2026 00:13:13,10/04/2026 00:21:20,10/04/2026 01:41:38,10/04/2026 01:43:05,1
MAO-260003998,Azul,Manifesto Entregue,3º TURNO,09/04/2026 23:57:00,10/04/2026 04:02:00,10/04/2026 00:15:16,10/04/2026 00:28:47,10/04/2026 01:41:41,10/04/2026 01:43:01,1
MAO-260003999,Azul,Manifesto Entregue,3º TURNO,09/04/2026 23:58:00,10/04/2026 04:03:00,10/04/2026 00:15:15,10/04/2026 00:28:46,10/04/2026 01:41:46,10/04/2026 01:42:58,1
MAO-260004000,Gol,Manifesto Entregue,3º TURNO,09/04/2026 22:04:00,10/04/2026 04:09:00,10/04/2026 00:14:41,10/04/2026 00:55:18,10/04/2026 01:41:49,10/04/2026 01:42:55,1
MAO-260004038,Latam,Manifesto Entregue,3º TURNO,10/04/2026 20:47:00,11/04/2026 00:50:00,10/04/2026 22:20:38,11/04/2026 00:39:59,11/04/2026 00:42:42,11/04/2026 04:39:03,1
MAO-260004039,Gol,Manifesto Entregue,3º TURNO,10/04/2026 21:17:00,11/04/2026 01:19:00,10/04/2026 22:33:05,10/04/2026 23:23:56,11/04/2026 00:19:43,11/04/2026 00:19:47,1
MAO-260004040,Azul,Manifesto Entregue,3º TURNO,10/04/2026 21:20:00,11/04/2026 01:30:00,10/04/2026 22:37:27,10/04/2026 22:55:56,11/04/2026 00:24:12,11/04/2026 00:24:15,1
MAO-260004041,Azul,Manifesto Entregue,3º TURNO,10/04/2026 21:18:00,11/04/2026 01:30:00,10/04/2026 22:36:32,10/04/2026 22:54:50,11/04/2026 00:24:04,11/04/2026 00:24:07,1
MAO-260004042,Latam,Manifesto Entregue,3º TURNO,10/04/2026 22:19:00,11/04/2026 02:25:00,10/04/2026 22:56:44,10/04/2026 23:04:43,11/04/2026 00:24:00,11/04/2026 00:24:20,1
MAO-260004043,Latam,Manifesto Entregue,3º TURNO,10/04/2026 22:22:00,11/04/2026 02:25:00,10/04/2026 23:04:41,10/04/2026 23:12:00,11/04/2026 00:23:53,11/04/2026 00:23:56,1
MAO-260004044,Gol,Manifesto Entregue,3º TURNO,10/04/2026 20:04:00,11/04/2026 00:17:00,10/04/2026 22:42:18,11/04/2026 00:20:59,11/04/2026 00:23:37,11/04/2026 00:23:40,1
MAO-260004045,Azul,Manifesto Entregue,3º TURNO,10/04/2026 20:11:00,11/04/2026 00:13:00,10/04/2026 22:42:11,11/04/2026 00:21:02,11/04/2026 00:23:44,11/04/2026 00:23:48,1
MAO-260004047,Azul,Manifesto Entregue,3º TURNO,10/04/2026 23:14:00,11/04/2026 03:41:00,11/04/2026 01:09:10,11/04/2026 01:16:13,11/04/2026 02:16:31,11/04/2026 02:16:34,1
MAO-260004048,Azul,Manifesto Entregue,3º TURNO,10/04/2026 23:26:00,11/04/2026 03:44:00,11/04/2026 03:31:29,11/04/2026 03:33:04,11/04/2026 04:38:23,11/04/2026 04:39:00,1
MAO-260004049,Azul,Manifesto Entregue,3º TURNO,10/04/2026 23:47:00,11/04/2026 04:10:00,11/04/2026 00:59:35,11/04/2026 01:06:37,11/04/2026 01:06:45,11/04/2026 01:07:02,1
MAO-260004050,Azul,Manifesto Entregue,3º TURNO,10/04/2026 23:27:00,11/04/2026 04:06:00,11/04/2026 01:12:01,11/04/2026 01:16:08,11/04/2026 02:14:37,11/04/2026 02:14:40,1
MAO-260004098,Azul,Manifesto Entregue,3º TURNO,11/04/2026 22:34:00,12/04/2026 02:38:00,11/04/2026 22:41:28,11/04/2026 22:51:52,11/04/2026 23:43:17,12/04/2026 00:08:27,1
MAO-260004099,Latam,Manifesto Entregue,3º TURNO,11/04/2026 22:38:00,12/04/2026 02:48:00,11/04/2026 22:51:48,11/04/2026 23:16:31,12/04/2026 00:07:55,12/04/2026 00:08:32,1
MAO-260004100,Gol,Manifesto Entregue,3º TURNO,11/04/2026 22:54:00,12/04/2026 02:57:00,11/04/2026 23:01:33,11/04/2026 23:22:01,12/04/2026 00:07:59,12/04/2026 00:08:41,1
MAO-260004101,Azul,Manifesto Entregue,3º TURNO,11/04/2026 22:55:00,12/04/2026 02:58:00,11/04/2026 23:01:48,11/04/2026 23:19:05,12/04/2026 00:08:08,12/04/2026 00:08:38,1
MAO-260004102,Latam,Manifesto Entregue,3º TURNO,11/04/2026 23:02:00,12/04/2026 03:07:00,11/04/2026 23:44:50,11/04/2026 23:45:18,12/04/2026 00:08:13,12/04/2026 00:08:45,1
MAO-260004103,Latam,Manifesto Entregue,3º TURNO,11/04/2026 22:56:00,12/04/2026 03:06:00,11/04/2026 23:23:21,11/04/2026 23:24:02,12/04/2026 00:08:17,12/04/2026 00:08:54,1
MAO-260004104,Latam,Manifesto Entregue,3º TURNO,11/04/2026 22:58:00,12/04/2026 03:05:00,11/04/2026 23:19:58,12/04/2026 00:07:45,12/04/2026 00:08:21,12/04/2026 00:08:50,1
MAO-260004113,Latam,Manifesto Entregue,3º TURNO,12/04/2026 22:14:00,13/04/2026 02:16:00,12/04/2026 22:22:31,12/04/2026 22:33:55,12/04/2026 23:29:23,12/04/2026 23:30:01,1
MAO-260004114,Latam,Manifesto Entregue,3º TURNO,12/04/2026 22:13:00,13/04/2026 02:16:00,12/04/2026 22:22:27,12/04/2026 22:38:22,12/04/2026 23:29:47,12/04/2026 23:29:54,1
MAO-260004115,Azul,Manifesto Entregue,3º TURNO,12/04/2026 23:04:00,13/04/2026 03:07:00,12/04/2026 23:15:02,12/04/2026 23:16:10,12/04/2026 23:37:59,12/04/2026 23:39:19,1
MAO-260004116,Latam,Manifesto Entregue,3º TURNO,12/04/2026 22:58:00,13/04/2026 03:30:00,12/04/2026 23:22:06,12/04/2026 23:25:41,13/04/2026 00:18:18,13/04/2026 00:18:26,1
MAO-260004154,Latam,Manifesto Entregue,2º TURNO,13/04/2026 20:30:00,14/04/2026 00:32:00,13/04/2026 20:48:11,13/04/2026 21:17:48,13/04/2026 21:18:08,13/04/2026 21:18:18,1
MAO-260004155,Latam,Manifesto Entregue,2º TURNO,13/04/2026 20:27:00,14/04/2026 00:39:00,13/04/2026 20:49:19,13/04/2026 21:18:30,13/04/2026 21:18:36,13/04/2026 21:18:40,1
MAO-260004156,Gol,Manifesto Entregue,2º TURNO,13/04/2026 20:38:00,14/04/2026 00:39:00,13/04/2026 20:50:08,13/04/2026 21:00:27,13/04/2026 21:17:16,13/04/2026 21:17:27,1
MAO-260004157,Latam,Manifesto Entregue,2º TURNO,13/04/2026 20:12:00,14/04/2026 00:18:00,13/04/2026 20:54:42,13/04/2026 21:00:38,13/04/2026 21:17:13,13/04/2026 21:17:23,1
MAO-260004158,Latam,Manifesto Entregue,2º TURNO,13/04/2026 20:52:00,14/04/2026 00:56:00,13/04/2026 21:00:45,13/04/2026 21:17:38,13/04/2026 21:18:04,13/04/2026 21:18:13,1
MAO-260004159,Gol,Manifesto Entregue,2º TURNO,13/04/2026 20:46:00,14/04/2026 00:55:00,13/04/2026 21:08:04,13/04/2026 21:11:46,13/04/2026 21:17:08,13/04/2026 21:17:21,1
MAO-260004160,Gol,Manifesto Entregue,2º TURNO,13/04/2026 21:13:00,14/04/2026 01:16:00,13/04/2026 21:19:14,13/04/2026 21:26:40,13/04/2026 21:26:46,13/04/2026 21:26:51,1
MAO-260004161,Azul,Manifesto Entregue,3º TURNO,13/04/2026 22:24:00,14/04/2026 02:27:00,13/04/2026 22:31:48,13/04/2026 22:46:17,13/04/2026 23:06:05,14/04/2026 09:52:16,1
MAO-260004162,Gol,Manifesto Entregue,3º TURNO,13/04/2026 22:27:00,14/04/2026 02:29:00,13/04/2026 22:31:23,13/04/2026 22:33:53,13/04/2026 22:58:36,14/04/2026 09:52:12,1
MAO-260004163,Latam,Manifesto Entregue,3º TURNO,13/04/2026 22:43:00,14/04/2026 02:46:00,13/04/2026 23:01:55,13/04/2026 23:02:04,13/04/2026 23:02:18,14/04/2026 09:52:05,1
MAO-260004164,Latam,Manifesto Entregue,3º TURNO,13/04/2026 22:44:00,14/04/2026 02:47:00,13/04/2026 22:53:10,13/04/2026 23:00:11,13/04/2026 23:48:44,14/04/2026 09:52:01,1
MAO-260004165,Azul,Manifesto Entregue,3º TURNO,13/04/2026 22:49:00,14/04/2026 02:51:00,13/04/2026 23:01:52,13/04/2026 23:17:17,14/04/2026 00:24:11,14/04/2026 09:51:57,1
MAO-260004166,Azul,Manifesto Entregue,3º TURNO,13/04/2026 22:46:00,14/04/2026 02:53:54,13/04/2026 23:19:11,13/04/2026 23:28:22,14/04/2026 00:24:27,14/04/2026 09:51:53,1
MAO-260004167,Azul,Manifesto Entregue,3º TURNO,13/04/2026 22:47:00,14/04/2026 02:56:00,13/04/2026 23:06:32,13/04/2026 23:15:55,14/04/2026 00:24:46,14/04/2026 09:51:49,1
MAO-260004168,Latam,Manifesto Entregue,3º TURNO,13/04/2026 23:27:00,14/04/2026 03:43:00,13/04/2026 23:49:01,14/04/2026 00:22:19,14/04/2026 01:56:40,14/04/2026 09:51:46,1
MAO-260004169,Latam,Manifesto Entregue,3º TURNO,13/04/2026 23:37:00,14/04/2026 03:43:00,14/04/2026 00:22:11,14/04/2026 00:23:13,14/04/2026 03:43:23,14/04/2026 09:51:42,1
MAO-260004170,Latam,Manifesto Entregue,3º TURNO,13/04/2026 23:30:00,14/04/2026 03:44:00,14/04/2026 00:52:41,14/04/2026 01:03:59,14/04/2026 01:56:21,14/04/2026 09:51:39,1
MAO-260004171,Azul,Manifesto Entregue,3º TURNO,13/04/2026 23:48:00,14/04/2026 03:49:00,14/04/2026 00:25:53,14/04/2026 00:33:18,14/04/2026 00:39:12,14/04/2026 09:51:36,1
MAO-260004213,Azul,Manifesto Entregue,2º TURNO,14/04/2026 20:11:00,15/04/2026 00:16:00,14/04/2026 20:18:45,14/04/2026 21:00:55,14/04/2026 21:00:58,14/04/2026 21:01:01,1
MAO-260004216,Azul,Manifesto Entregue,3º TURNO,14/04/2026 21:42:00,15/04/2026 01:45:00,14/04/2026 22:09:40,14/04/2026 22:22:24,14/04/2026 23:06:25,15/04/2026 04:37:40,1
MAO-260004217,Gol,Manifesto Entregue,3º TURNO,14/04/2026 21:44:00,15/04/2026 01:45:00,14/04/2026 22:20:13,14/04/2026 22:29:47,14/04/2026 22:29:58,15/04/2026 04:25:14,1
MAO-260004218,Latam,Manifesto Entregue,3º TURNO,14/04/2026 22:22:00,15/04/2026 02:30:00,14/04/2026 22:39:38,14/04/2026 22:42:47,14/04/2026 23:06:51,15/04/2026 04:37:45,1
MAO-260004219,Azul,Manifesto Entregue,3º TURNO,14/04/2026 22:31:00,15/04/2026 02:43:00,14/04/2026 23:07:34,14/04/2026 23:12:14,15/04/2026 00:12:25,15/04/2026 04:37:52,1
MAO-260004220,Azul,Manifesto Entregue,3º TURNO,14/04/2026 22:35:00,15/04/2026 02:44:00,14/04/2026 23:12:13,14/04/2026 23:21:25,15/04/2026 00:12:48,15/04/2026 04:37:57,1
MAO-260004221,Azul,Manifesto Entregue,3º TURNO,14/04/2026 22:36:00,15/04/2026 02:49:00,14/04/2026 23:21:24,14/04/2026 23:28:02,15/04/2026 00:13:15,15/04/2026 04:38:03,1
MAO-260004222,Azul,Manifesto Entregue,3º TURNO,14/04/2026 22:32:00,15/04/2026 02:53:00,14/04/2026 23:27:40,15/04/2026 00:02:39,15/04/2026 00:58:36,15/04/2026 04:38:07,1
MAO-260004223,Azul,Manifesto Entregue,3º TURNO,14/04/2026 22:27:00,15/04/2026 02:54:35,14/04/2026 22:57:47,14/04/2026 23:52:24,15/04/2026 00:58:11,15/04/2026 04:38:12,1
MAO-260004224,Azul,Manifesto Entregue,3º TURNO,14/04/2026 22:26:00,15/04/2026 02:56:19,14/04/2026 23:27:59,14/04/2026 23:45:00,15/04/2026 00:57:11,15/04/2026 04:38:15,1
MAO-260004225,Azul,Manifesto Entregue,3º TURNO,14/04/2026 22:28:00,15/04/2026 02:57:40,14/04/2026 23:28:45,14/04/2026 23:40:10,15/04/2026 00:14:02,15/04/2026 04:38:18,1
MAO-260004226,Azul,Manifesto Entregue,3º TURNO,14/04/2026 22:29:00,15/04/2026 03:00:58,14/04/2026 23:55:08,15/04/2026 00:00:43,15/04/2026 00:56:46,15/04/2026 04:38:24,1
MAO-260004227,Latam,Manifesto Entregue,3º TURNO,14/04/2026 22:50:00,15/04/2026 03:02:31,14/04/2026 23:18:18,15/04/2026 00:00:48,15/04/2026 04:05:40,15/04/2026 04:38:27,1
MAO-260004228,Azul,Manifesto Entregue,3º TURNO,14/04/2026 22:58:00,15/04/2026 03:37:22,15/04/2026 00:04:07,15/04/2026 00:13:36,15/04/2026 01:18:59,15/04/2026 04:38:29,1
MAO-260004229,Latam,Manifesto Entregue,3º TURNO,14/04/2026 23:18:00,15/04/2026 03:39:14,14/04/2026 23:41:33,14/04/2026 23:50:52,15/04/2026 04:05:43,15/04/2026 04:38:31,1
MAO-260004230,Gol,Manifesto Entregue,3º TURNO,14/04/2026 23:24:00,15/04/2026 03:59:00,15/04/2026 00:17:14,15/04/2026 00:40:47,15/04/2026 04:05:47,15/04/2026 04:25:35,1
MAO-260004231,Gol,Manifesto Entregue,3º TURNO,14/04/2026 23:33:00,15/04/2026 03:59:00,15/04/2026 00:22:37,15/04/2026 00:56:58,15/04/2026 04:05:56,15/04/2026 04:25:43,1
MAO-260004232,Gol,Manifesto Entregue,3º TURNO,14/04/2026 23:55:00,15/04/2026 03:59:00,15/04/2026 00:33:41,15/04/2026 00:34:30,15/04/2026 04:06:00,15/04/2026 04:25:50,1
MAO-260004293,Azul,Manifesto Entregue,2º TURNO,15/04/2026 20:22:00,16/04/2026 00:23:00,15/04/2026 20:33:20,15/04/2026 21:05:23,15/04/2026 21:05:32,15/04/2026 21:05:36,1
MAO-260004294,Gol,Manifesto Entregue,2º TURNO,15/04/2026 20:29:00,16/04/2026 00:34:00,15/04/2026 20:38:21,15/04/2026 21:05:21,15/04/2026 21:05:30,15/04/2026 21:05:33,1
MAO-260004295,Latam,Manifesto Entregue,2º TURNO,15/04/2026 20:36:00,16/04/2026 00:37:00,15/04/2026 20:40:19,15/04/2026 21:33:28,15/04/2026 21:33:32,15/04/2026 21:33:33,1
MAO-260004296,Gol,Manifesto Entregue,3º TURNO,15/04/2026 22:09:00,16/04/2026 02:12:00,15/04/2026 22:14:49,15/04/2026 22:20:55,15/04/2026 23:01:36,15/04/2026 23:08:24,1
MAO-260004297,Azul,Manifesto Entregue,3º TURNO,15/04/2026 22:50:00,16/04/2026 02:56:00,15/04/2026 22:58:46,16/04/2026 00:45:36,16/04/2026 00:57:38,16/04/2026 00:57:43,1
MAO-260004298,Gol,Manifesto Entregue,3º TURNO,15/04/2026 22:57:00,16/04/2026 03:02:00,15/04/2026 23:13:04,15/04/2026 23:47:00,16/04/2026 00:43:30,16/04/2026 00:55:55,1
MAO-260004299,Gol,Manifesto Entregue,3º TURNO,15/04/2026 23:00:00,16/04/2026 03:02:00,15/04/2026 23:12:32,15/04/2026 23:45:39,16/04/2026 00:43:28,16/04/2026 00:55:58,1
MAO-260004300,Latam,Manifesto Entregue,3º TURNO,15/04/2026 23:15:00,16/04/2026 03:17:00,15/04/2026 23:19:46,15/04/2026 23:25:06,15/04/2026 23:47:47,15/04/2026 23:47:51,1
MAO-260004301,Azul,Manifesto Entregue,3º TURNO,15/04/2026 23:19:00,16/04/2026 03:21:00,15/04/2026 23:23:28,15/04/2026 23:48:33,15/04/2026 23:48:43,15/04/2026 23:48:46,1
MAO-260004302,Azul,Manifesto Entregue,3º TURNO,15/04/2026 23:37:00,16/04/2026 03:42:00,15/04/2026 23:46:41,15/04/2026 23:55:52,16/04/2026 01:04:16,16/04/2026 02:28:06,1
MAO-260004357,Azul,Manifesto Entregue,2º TURNO,16/04/2026 20:12:00,17/04/2026 00:19:00,16/04/2026 20:26:52,16/04/2026 21:27:20,16/04/2026 21:27:39,16/04/2026 21:27:43,1
MAO-260004358,Gol,Manifesto Entregue,2º TURNO,16/04/2026 20:07:00,17/04/2026 00:14:00,16/04/2026 20:28:31,16/04/2026 21:27:19,16/04/2026 21:27:37,16/04/2026 21:27:41,1
MAO-260004359,Gol,Manifesto Entregue,2º TURNO,16/04/2026 20:02:00,17/04/2026 00:32:00,16/04/2026 20:34:49,16/04/2026 21:20:03,16/04/2026 21:26:06,16/04/2026 21:26:09,1
MAO-260004360,Gol,Manifesto Entregue,2º TURNO,16/04/2026 21:01:00,17/04/2026 01:14:00,16/04/2026 21:20:05,16/04/2026 21:35:29,16/04/2026 21:35:32,16/04/2026 21:35:33,1
MAO-260004361,Gol,Manifesto Entregue,2º TURNO,16/04/2026 21:47:00,17/04/2026 01:55:00,16/04/2026 21:59:55,16/04/2026 22:08:19,16/04/2026 22:24:12,16/04/2026 22:24:15,1
MAO-260004362,Azul,Manifesto Entregue,3º TURNO,16/04/2026 22:37:00,17/04/2026 02:40:00,16/04/2026 22:51:04,16/04/2026 22:52:36,16/04/2026 23:43:53,17/04/2026 03:21:17,1
MAO-260004363,Latam,Manifesto Entregue,3º TURNO,16/04/2026 22:37:00,17/04/2026 02:40:00,16/04/2026 22:52:01,16/04/2026 23:08:21,16/04/2026 23:43:56,17/04/2026 03:21:19,1
MAO-260004364,Azul,Manifesto Entregue,3º TURNO,16/04/2026 22:37:00,17/04/2026 02:42:00,16/04/2026 22:50:36,16/04/2026 23:06:44,16/04/2026 23:44:05,17/04/2026 03:21:22,1
MAO-260004365,Azul,Manifesto Entregue,3º TURNO,16/04/2026 22:36:00,17/04/2026 02:42:00,16/04/2026 22:50:52,16/04/2026 23:08:05,16/04/2026 23:43:59,17/04/2026 03:21:26,1
MAO-260004366,Azul,Manifesto Entregue,3º TURNO,16/04/2026 22:49:00,17/04/2026 02:52:00,16/04/2026 22:55:01,16/04/2026 23:10:33,16/04/2026 23:44:03,17/04/2026 03:21:28,1
MAO-260004367,Azul,Manifesto Entregue,3º TURNO,16/04/2026 22:28:00,17/04/2026 02:54:00,16/04/2026 22:56:31,16/04/2026 23:28:27,16/04/2026 23:44:09,17/04/2026 03:21:31,1
MAO-260004368,Azul,Manifesto Entregue,3º TURNO,16/04/2026 23:33:00,17/04/2026 03:42:00,16/04/2026 23:45:40,17/04/2026 00:42:01,17/04/2026 03:21:38,17/04/2026 03:21:51,1
MAO-260004369,Azul,Manifesto Entregue,3º TURNO,16/04/2026 22:27:00,17/04/2026 03:41:00,16/04/2026 23:55:19,17/04/2026 00:08:13,17/04/2026 03:21:33,17/04/2026 03:21:53,1
MAO-260004370,Azul,Manifesto Entregue,3º TURNO,16/04/2026 23:34:00,17/04/2026 03:40:00,16/04/2026 23:54:06,16/04/2026 23:55:24,17/04/2026 03:21:35,17/04/2026 03:21:56,1
MAO-260004371,Latam,Manifesto Entregue,3º TURNO,16/04/2026 23:58:00,17/04/2026 04:02:00,17/04/2026 00:08:36,17/04/2026 00:23:02,17/04/2026 03:21:40,17/04/2026 03:21:58,1
MAO-260004372,Latam,Manifesto Entregue,3º TURNO,16/04/2026 23:57:00,17/04/2026 04:03:00,17/04/2026 00:09:24,17/04/2026 00:30:05,17/04/2026 03:21:44,17/04/2026 03:22:07,1
MAO-260004373,Latam,Manifesto Entregue,3º TURNO,16/04/2026 23:55:00,17/04/2026 04:04:00,17/04/2026 00:23:06,17/04/2026 00:39:13,17/04/2026 03:22:04,17/04/2026 03:22:09,1
MAO-260004408,Gol,Manifesto Entregue,2º TURNO,17/04/2026 20:14:00,18/04/2026 00:21:00,17/04/2026 20:24:42,17/04/2026 20:44:24,17/04/2026 21:05:00,17/04/2026 21:05:27,1
MAO-260004409,Gol,Manifesto Entregue,2º TURNO,17/04/2026 21:19:00,18/04/2026 01:25:00,17/04/2026 21:29:58,17/04/2026 21:35:26,17/04/2026 22:17:36,17/04/2026 22:17:39,1
MAO-260004410,Gol,Manifesto Entregue,3º TURNO,17/04/2026 22:16:00,18/04/2026 02:17:00,17/04/2026 22:21:40,17/04/2026 22:41:21,17/04/2026 23:57:20,17/04/2026 23:57:24,1
MAO-260004411,Gol,Manifesto Entregue,3º TURNO,17/04/2026 22:14:00,18/04/2026 02:18:00,17/04/2026 22:24:01,17/04/2026 23:12:16,17/04/2026 23:57:12,17/04/2026 23:57:16,1
MAO-260004412,Gol,Manifesto Entregue,3º TURNO,17/04/2026 22:12:00,18/04/2026 02:19:00,17/04/2026 22:22:51,17/04/2026 23:07:36,17/04/2026 23:57:55,17/04/2026 23:57:58,1
MAO-260004413,Azul,Manifesto Entregue,3º TURNO,17/04/2026 22:47:00,18/04/2026 02:49:00,17/04/2026 23:13:41,17/04/2026 23:16:37,18/04/2026 00:18:04,18/04/2026 00:18:06,1
MAO-260004415,Azul,Manifesto Entregue,3º TURNO,17/04/2026 22:41:00,18/04/2026 02:52:00,18/04/2026 00:16:14,18/04/2026 00:17:32,18/04/2026 00:17:45,18/04/2026 00:17:47,1
MAO-260004416,Azul,Manifesto Entregue,3º TURNO,17/04/2026 22:37:00,18/04/2026 02:52:00,17/04/2026 23:04:46,17/04/2026 23:56:35,17/04/2026 23:56:48,17/04/2026 23:56:51,1
MAO-260004417,Azul,Manifesto Entregue,3º TURNO,17/04/2026 22:46:00,18/04/2026 03:00:28,17/04/2026 23:08:24,17/04/2026 23:34:10,18/04/2026 00:44:36,18/04/2026 00:44:39,1
MAO-260004418,Azul,Manifesto Entregue,3º TURNO,17/04/2026 22:42:00,18/04/2026 02:54:00,17/04/2026 23:21:24,18/04/2026 00:09:08,18/04/2026 00:44:43,18/04/2026 00:44:48,1
MAO-260004419,Azul,Manifesto Entregue,3º TURNO,17/04/2026 22:40:00,18/04/2026 02:54:00,17/04/2026 23:22:49,17/04/2026 23:55:12,18/04/2026 00:44:51,18/04/2026 00:44:54,1
MAO-260004420,Azul,Manifesto Entregue,3º TURNO,17/04/2026 22:45:00,18/04/2026 02:58:00,17/04/2026 23:38:47,18/04/2026 00:09:36,18/04/2026 00:44:57,18/04/2026 00:44:59,1
MAO-260004421,Azul,Manifesto Entregue,3º TURNO,17/04/2026 21:44:00,18/04/2026 02:58:00,17/04/2026 23:55:47,18/04/2026 00:15:41,18/04/2026 00:45:02,18/04/2026 00:45:05,1
MAO-260004422,Latam,Manifesto Entregue,3º TURNO,17/04/2026 23:11:00,18/04/2026 03:13:00,17/04/2026 23:34:15,17/04/2026 23:54:45,18/04/2026 01:45:14,18/04/2026 01:45:17,1
MAO-260004423,Azul,Manifesto Entregue,3º TURNO,17/04/2026 23:15:00,18/04/2026 03:30:00,17/04/2026 23:56:04,18/04/2026 00:09:12,18/04/2026 00:45:10,18/04/2026 00:45:12,1
MAO-260004424,Azul,Manifesto Entregue,3º TURNO,17/04/2026 23:57:00,18/04/2026 04:02:00,18/04/2026 00:09:21,18/04/2026 00:45:32,18/04/2026 00:45:39,18/04/2026 00:45:41,1
MAO-260004428,Latam,Manifesto Entregue,3º TURNO,17/04/2026 23:52:00,18/04/2026 04:35:00,18/04/2026 01:54:49,18/04/2026 02:06:27,18/04/2026 03:42:25,18/04/2026 03:42:45,1
MAO-260004465,Gol,Manifesto Entregue,3º TURNO,18/04/2026 21:52:00,19/04/2026 01:59:00,18/04/2026 22:03:00,18/04/2026 22:25:35,18/04/2026 22:25:40,18/04/2026 22:27:25,1
MAO-260004466,Latam,Manifesto Entregue,3º TURNO,18/04/2026 22:32:00,19/04/2026 02:38:31,18/04/2026 22:38:52,18/04/2026 22:50:31,18/04/2026 23:05:01,18/04/2026 23:05:05,1
MAO-260004467,Azul,Manifesto Entregue,3º TURNO,18/04/2026 22:40:00,19/04/2026 02:44:00,18/04/2026 22:51:45,18/04/2026 23:12:21,19/04/2026 02:42:39,19/04/2026 02:43:10,1
MAO-260004468,Azul,Manifesto Entregue,3º TURNO,18/04/2026 22:37:00,19/04/2026 02:44:00,18/04/2026 22:50:54,18/04/2026 22:54:32,19/04/2026 02:42:42,19/04/2026 02:43:13,1
MAO-260004469,Latam,Manifesto Entregue,3º TURNO,19/04/2026 22:57:00,20/04/2026 02:58:00,18/04/2026 23:01:34,18/04/2026 23:04:47,18/04/2026 23:04:53,18/04/2026 23:04:56,1
MAO-260004470,Azul,Manifesto Entregue,3º TURNO,18/04/2026 23:28:00,19/04/2026 03:30:00,18/04/2026 23:34:41,18/04/2026 23:40:47,19/04/2026 02:42:45,19/04/2026 02:43:16,1
MAO-260004482,Azul,Manifesto Entregue,3º TURNO,19/04/2026 22:43:00,20/04/2026 02:50:00,19/04/2026 22:57:41,19/04/2026 23:01:01,19/04/2026 23:49:10,19/04/2026 23:56:42,1
MAO-260004483,Azul,Manifesto Entregue,3º TURNO,19/04/2026 22:45:00,20/04/2026 02:51:00,19/04/2026 22:58:03,19/04/2026 23:29:21,19/04/2026 23:49:08,19/04/2026 23:56:46,1
MAO-260004484,Azul,Manifesto Entregue,3º TURNO,19/04/2026 23:07:00,20/04/2026 03:09:00,19/04/2026 23:14:28,19/04/2026 23:29:14,19/04/2026 23:49:05,19/04/2026 23:56:49,1
MAO-260004485,Latam,Manifesto Entregue,3º TURNO,19/04/2026 23:30:00,20/04/2026 03:34:00,19/04/2026 23:48:49,20/04/2026 00:11:43,20/04/2026 01:28:42,20/04/2026 01:28:51,1
MAO-260004486,Latam,Manifesto Entregue,3º TURNO,19/04/2026 23:26:00,20/04/2026 03:36:00,19/04/2026 23:48:45,19/04/2026 23:57:44,20/04/2026 01:28:44,20/04/2026 01:28:54,1
MAO-260004487,Latam,Manifesto Entregue,3º TURNO,19/04/2026 23:28:00,20/04/2026 03:37:00,19/04/2026 23:48:25,20/04/2026 00:11:34,20/04/2026 01:28:46,20/04/2026 01:28:56,1
MAO-260004488,Latam,Manifesto Entregue,3º TURNO,19/04/2026 23:29:00,20/04/2026 03:38:00,19/04/2026 23:58:33,20/04/2026 00:18:58,20/04/2026 01:28:49,20/04/2026 01:28:59,1
MAO-260004508,Gol,Manifesto Entregue,2º TURNO,20/04/2026 20:03:00,21/04/2026 00:12:00,20/04/2026 20:15:34,20/04/2026 20:40:19,20/04/2026 21:28:42,20/04/2026 21:28:48,1
MAO-260004509,Gol,Manifesto Entregue,2º TURNO,20/04/2026 20:19:00,21/04/2026 00:26:00,20/04/2026 20:28:08,20/04/2026 20:40:42,20/04/2026 21:28:40,20/04/2026 21:28:46,1
MAO-260004510,Azul,Manifesto Entregue,2º TURNO,20/04/2026 21:40:00,21/04/2026 01:42:00,20/04/2026 21:53:39,20/04/2026 22:11:10,20/04/2026 22:53:36,20/04/2026 23:30:44,1
MAO-260004511,Azul,Manifesto Entregue,3º TURNO,20/04/2026 22:34:00,21/04/2026 02:36:00,20/04/2026 22:41:21,20/04/2026 22:47:25,20/04/2026 22:53:39,20/04/2026 23:30:47,1
MAO-260004512,Azul,Manifesto Entregue,3º TURNO,20/04/2026 22:32:00,21/04/2026 02:37:00,20/04/2026 22:41:18,20/04/2026 22:47:27,20/04/2026 22:53:41,20/04/2026 23:30:49,1
MAO-260004513,Azul,Manifesto Entregue,3º TURNO,20/04/2026 22:46:00,21/04/2026 02:48:00,20/04/2026 22:56:36,20/04/2026 22:58:50,21/04/2026 00:19:30,21/04/2026 00:35:27,1
MAO-260004514,Gol,Manifesto Entregue,3º TURNO,20/04/2026 22:43:00,21/04/2026 02:49:00,20/04/2026 22:59:06,20/04/2026 23:19:35,21/04/2026 00:19:00,21/04/2026 00:35:30,1
MAO-260004515,Gol,Manifesto Entregue,3º TURNO,20/04/2026 22:39:00,21/04/2026 02:49:00,20/04/2026 22:59:58,20/04/2026 23:02:58,21/04/2026 00:19:12,21/04/2026 00:35:33,1
MAO-260004516,Azul,Manifesto Entregue,3º TURNO,20/04/2026 22:17:00,21/04/2026 02:56:00,20/04/2026 23:02:57,20/04/2026 23:21:10,21/04/2026 00:19:41,21/04/2026 00:35:35,1
MAO-260004517,Latam,Manifesto Entregue,3º TURNO,20/04/2026 23:14:00,21/04/2026 03:20:45,20/04/2026 23:21:09,20/04/2026 23:29:12,20/04/2026 23:57:57,21/04/2026 00:35:38,1
MAO-260004518,Latam,Manifesto Entregue,3º TURNO,20/04/2026 22:54:00,21/04/2026 02:57:00,20/04/2026 23:26:40,20/04/2026 23:28:05,20/04/2026 23:57:54,21/04/2026 00:35:41,1
MAO-260004546,Gol,Manifesto Entregue,2º TURNO,21/04/2026 19:49:00,22/04/2026 00:53:00,21/04/2026 20:04:21,21/04/2026 20:25:14,21/04/2026 20:34:47,21/04/2026 20:34:49,1
MAO-260004547,Latam,Manifesto Entregue,3º TURNO,21/04/2026 22:33:00,22/04/2026 02:35:00,21/04/2026 22:38:26,21/04/2026 23:11:52,21/04/2026 23:46:51,22/04/2026 04:43:15,1
MAO-260004548,Latam,Manifesto Entregue,3º TURNO,21/04/2026 22:35:00,22/04/2026 02:38:00,21/04/2026 22:40:52,21/04/2026 23:26:55,21/04/2026 23:46:48,22/04/2026 04:43:18,1
MAO-260004549,Latam,Manifesto Entregue,3º TURNO,21/04/2026 23:11:00,22/04/2026 03:20:01,21/04/2026 23:21:08,21/04/2026 23:26:35,21/04/2026 23:46:40,22/04/2026 04:43:21,1
MAO-260004550,Latam,Manifesto Entregue,3º TURNO,21/04/2026 23:22:00,22/04/2026 03:29:00,21/04/2026 23:33:06,22/04/2026 00:12:02,22/04/2026 01:49:21,22/04/2026 04:43:23,1
MAO-260004551,Latam,Manifesto Entregue,3º TURNO,21/04/2026 23:26:00,22/04/2026 03:30:00,21/04/2026 23:34:40,21/04/2026 23:46:16,22/04/2026 00:11:05,22/04/2026 04:43:26,1
MAO-260004552,Latam,Manifesto Entregue,3º TURNO,21/04/2026 23:24:00,22/04/2026 03:30:00,21/04/2026 23:43:28,22/04/2026 00:00:36,22/04/2026 00:11:08,22/04/2026 04:43:28,1
MAO-260004581,Azul,Manifesto Entregue,2º TURNO,22/04/2026 19:59:00,23/04/2026 00:00:00,22/04/2026 20:05:22,22/04/2026 20:12:01,22/04/2026 20:12:07,22/04/2026 20:19:07,1
MAO-260004582,Gol,Manifesto Entregue,2º TURNO,22/04/2026 20:26:00,23/04/2026 00:28:00,22/04/2026 20:37:46,22/04/2026 21:03:09,22/04/2026 21:31:23,22/04/2026 21:31:31,1
MAO-260004583,Gol,Manifesto Entregue,2º TURNO,22/04/2026 20:18:00,23/04/2026 00:26:00,22/04/2026 20:47:46,22/04/2026 21:01:35,22/04/2026 21:01:40,22/04/2026 21:01:43,1
MAO-260004584,Gol,Manifesto Entregue,2º TURNO,22/04/2026 20:41:00,23/04/2026 00:43:00,22/04/2026 20:48:44,22/04/2026 21:31:02,22/04/2026 21:31:18,22/04/2026 21:31:29,1
MAO-260004585,Latam,Manifesto Entregue,2º TURNO,22/04/2026 20:59:00,23/04/2026 01:02:04,22/04/2026 21:02:17,22/04/2026 21:31:15,22/04/2026 21:31:20,22/04/2026 21:31:25,1
MAO-260004586,Latam,Manifesto Entregue,2º TURNO,22/04/2026 21:28:00,23/04/2026 01:30:00,22/04/2026 21:35:38,22/04/2026 21:44:15,22/04/2026 21:44:17,22/04/2026 21:44:19,1
MAO-260004587,Gol,Manifesto Entregue,2º TURNO,22/04/2026 21:23:00,23/04/2026 01:25:00,22/04/2026 21:36:32,22/04/2026 21:38:13,22/04/2026 21:38:16,22/04/2026 21:38:19,1
MAO-260004588,Latam,Manifesto Entregue,2º TURNO,22/04/2026 21:41:00,23/04/2026 01:43:00,22/04/2026 22:10:01,22/04/2026 22:30:15,23/04/2026 00:26:33,23/04/2026 05:09:41,1
MAO-260004589,Gol,Manifesto Entregue,3º TURNO,22/04/2026 22:18:00,23/04/2026 02:22:00,22/04/2026 22:24:34,22/04/2026 22:53:01,23/04/2026 00:29:35,23/04/2026 05:09:44,1
MAO-260004590,Latam,Manifesto Entregue,3º TURNO,22/04/2026 22:25:00,23/04/2026 02:38:00,22/04/2026 22:44:20,22/04/2026 22:52:49,23/04/2026 00:26:48,23/04/2026 05:09:47,1
MAO-260004591,Latam,Manifesto Entregue,3º TURNO,22/04/2026 22:36:00,23/04/2026 02:39:00,22/04/2026 22:45:18,22/04/2026 22:53:04,23/04/2026 00:26:54,23/04/2026 05:09:49,1
MAO-260004592,Azul,Manifesto Entregue,3º TURNO,22/04/2026 23:15:00,23/04/2026 03:24:00,22/04/2026 23:32:33,22/04/2026 23:48:09,23/04/2026 00:27:04,23/04/2026 05:09:52,1
MAO-260004593,Azul,Manifesto Entregue,3º TURNO,22/04/2026 23:09:00,23/04/2026 03:25:00,22/04/2026 23:33:00,22/04/2026 23:43:14,23/04/2026 00:27:15,23/04/2026 05:09:53,1
MAO-260004594,Azul,Manifesto Entregue,3º TURNO,22/04/2026 23:10:00,23/04/2026 03:26:00,22/04/2026 23:43:12,23/04/2026 00:28:11,23/04/2026 00:28:19,23/04/2026 05:10:02,1
MAO-260004595,Azul,Manifesto Entregue,3º TURNO,22/04/2026 23:23:00,23/04/2026 03:27:00,22/04/2026 23:50:32,23/04/2026 00:05:55,23/04/2026 00:28:24,23/04/2026 05:10:05,1
MAO-260004596,Azul,Manifesto Entregue,3º TURNO,22/04/2026 23:29:00,23/04/2026 03:42:00,22/04/2026 23:50:25,23/04/2026 00:27:56,23/04/2026 00:28:28,23/04/2026 05:10:08,1
MAO-260004646,Gol,Manifesto Entregue,2º TURNO,23/04/2026 20:07:00,24/04/2026 00:09:00,23/04/2026 20:12:18,23/04/2026 20:21:07,23/04/2026 20:25:29,23/04/2026 20:25:43,1
MAO-260004647,Azul,Manifesto Entregue,2º TURNO,23/04/2026 20:08:00,24/04/2026 00:11:00,23/04/2026 20:14:04,23/04/2026 20:37:46,23/04/2026 20:38:02,23/04/2026 20:41:37,1
MAO-260004648,Gol,Manifesto Entregue,2º TURNO,23/04/2026 20:15:00,24/04/2026 00:26:00,23/04/2026 20:22:50,23/04/2026 20:40:08,23/04/2026 20:59:49,23/04/2026 20:59:52,1
MAO-260004649,Gol,Manifesto Entregue,2º TURNO,23/04/2026 20:16:00,24/04/2026 00:21:00,23/04/2026 20:26:14,23/04/2026 20:59:28,23/04/2026 20:59:46,23/04/2026 20:59:50,1
MAO-260004650,Azul,Manifesto Entregue,2º TURNO,23/04/2026 20:29:00,24/04/2026 00:30:00,23/04/2026 20:33:06,23/04/2026 20:37:55,23/04/2026 20:38:04,23/04/2026 20:41:33,1
MAO-260004651,Gol,Manifesto Entregue,2º TURNO,23/04/2026 20:42:00,24/04/2026 00:45:00,23/04/2026 20:59:41,23/04/2026 21:10:37,23/04/2026 21:10:40,23/04/2026 21:10:42,1
MAO-260004652,Gol,Manifesto Entregue,2º TURNO,23/04/2026 20:54:00,24/04/2026 00:56:00,23/04/2026 21:01:05,23/04/2026 21:02:21,23/04/2026 21:10:16,23/04/2026 21:10:22,1
MAO-260004653,Latam,Manifesto Entregue,2º TURNO,23/04/2026 20:53:00,24/04/2026 00:54:00,23/04/2026 21:01:03,23/04/2026 21:10:08,23/04/2026 21:10:14,23/04/2026 21:10:20,1
MAO-260004654,Latam,Manifesto Entregue,2º TURNO,23/04/2026 20:51:00,24/04/2026 00:54:00,23/04/2026 21:01:04,23/04/2026 21:10:07,23/04/2026 21:10:12,23/04/2026 21:10:18,1
MAO-260004655,Gol,Manifesto Entregue,2º TURNO,23/04/2026 21:05:00,24/04/2026 01:07:00,23/04/2026 21:11:56,23/04/2026 21:18:26,23/04/2026 21:18:30,23/04/2026 21:18:32,1
MAO-260004656,Latam,Manifesto Entregue,2º TURNO,23/04/2026 21:08:00,24/04/2026 01:15:00,23/04/2026 21:58:25,23/04/2026 22:44:55,23/04/2026 22:49:17,23/04/2026 22:57:11,1
MAO-260004657,Gol,Manifesto Entregue,2º TURNO,23/04/2026 21:38:00,24/04/2026 01:45:00,23/04/2026 21:57:35,23/04/2026 22:21:08,23/04/2026 22:22:01,23/04/2026 22:28:44,1
MAO-260004658,Latam,Manifesto Entregue,2º TURNO,23/04/2026 21:06:00,24/04/2026 01:15:00,23/04/2026 21:59:13,23/04/2026 22:32:21,23/04/2026 22:49:22,23/04/2026 22:57:17,1
MAO-260004659,Modern,Manifesto Entregue,3º TURNO,23/04/2026 22:46:00,24/04/2026 02:50:00,23/04/2026 22:52:48,23/04/2026 22:57:03,23/04/2026 22:57:24,23/04/2026 22:57:26,1
MAO-260004660,Azul,Manifesto Entregue,3º TURNO,23/04/2026 22:45:00,24/04/2026 03:02:00,23/04/2026 23:14:31,23/04/2026 23:31:51,24/04/2026 01:09:38,24/04/2026 02:02:43,1
MAO-260004661,Azul,Manifesto Entregue,3º TURNO,23/04/2026 23:00:00,24/04/2026 03:02:00,23/04/2026 23:20:43,24/04/2026 00:27:48,24/04/2026 01:09:41,24/04/2026 02:02:48,1
MAO-260004662,Azul,Manifesto Entregue,3º TURNO,23/04/2026 22:48:00,24/04/2026 03:02:00,23/04/2026 23:24:18,24/04/2026 00:27:25,24/04/2026 01:09:44,24/04/2026 02:02:51,1
MAO-260004663,Azul,Manifesto Entregue,3º TURNO,23/04/2026 22:49:00,24/04/2026 03:02:00,23/04/2026 23:32:10,23/04/2026 23:47:33,24/04/2026 01:09:48,24/04/2026 02:02:55,1
MAO-260004713,Azul,Manifesto Entregue,2º TURNO,24/04/2026 19:58:00,25/04/2026 00:05:00,24/04/2026 20:10:29,24/04/2026 20:28:02,24/04/2026 21:26:02,24/04/2026 21:26:10,1
MAO-260004714,Gol,Manifesto Entregue,2º TURNO,24/04/2026 20:10:00,25/04/2026 00:12:00,24/04/2026 20:15:02,24/04/2026 21:02:53,24/04/2026 21:25:58,24/04/2026 21:26:07,1
MAO-260004715,Gol,Manifesto Entregue,2º TURNO,24/04/2026 20:23:00,25/04/2026 00:25:00,24/04/2026 20:28:07,24/04/2026 21:26:32,24/04/2026 21:26:37,24/04/2026 21:26:41,1
MAO-260004716,Gol,Manifesto Entregue,2º TURNO,24/04/2026 20:21:00,25/04/2026 00:25:00,24/04/2026 20:28:06,24/04/2026 21:26:31,24/04/2026 21:26:35,24/04/2026 21:26:39,1
MAO-260004717,Gol,Manifesto Entregue,2º TURNO,24/04/2026 20:33:00,25/04/2026 00:34:00,24/04/2026 20:41:50,24/04/2026 21:26:47,24/04/2026 21:26:50,24/04/2026 21:26:52,1
MAO-260004718,Latam,Manifesto Entregue,2º TURNO,24/04/2026 21:21:00,25/04/2026 01:26:00,24/04/2026 22:12:34,24/04/2026 22:22:36,24/04/2026 22:52:32,24/04/2026 22:52:34,1
MAO-260004719,Gol,Manifesto Entregue,2º TURNO,24/04/2026 20:51:00,25/04/2026 00:57:00,24/04/2026 21:42:00,24/04/2026 21:43:02,24/04/2026 22:53:13,24/04/2026 22:53:16,1
MAO-260004720,Azul,Manifesto Entregue,2º TURNO,24/04/2026 21:13:00,25/04/2026 01:17:00,24/04/2026 21:45:32,24/04/2026 21:46:02,24/04/2026 23:22:11,24/04/2026 23:46:29,1
MAO-260004721,Modern,Manifesto Entregue,3º TURNO,24/04/2026 22:02:00,25/04/2026 02:04:00,24/04/2026 22:09:39,24/04/2026 22:16:53,24/04/2026 22:52:41,24/04/2026 22:52:45,1
MAO-260004722,Modern,Manifesto Entregue,3º TURNO,24/04/2026 22:04:00,25/04/2026 02:09:00,24/04/2026 22:11:41,24/04/2026 22:50:53,24/04/2026 22:52:59,24/04/2026 22:53:05,1
MAO-260004723,Azul,Manifesto Entregue,3º TURNO,24/04/2026 22:27:00,25/04/2026 02:40:00,24/04/2026 22:42:57,24/04/2026 22:48:17,24/04/2026 23:22:13,24/04/2026 23:46:32,1
MAO-260004724,Azul,Manifesto Entregue,3º TURNO,24/04/2026 22:44:00,25/04/2026 02:47:00,24/04/2026 22:50:26,24/04/2026 23:16:33,24/04/2026 23:22:16,24/04/2026 23:46:35,1
MAO-260004725,Azul,Manifesto Entregue,3º TURNO,24/04/2026 23:07:00,25/04/2026 03:14:00,24/04/2026 23:18:22,24/04/2026 23:36:05,25/04/2026 01:48:44,25/04/2026 01:49:20,1
MAO-260004726,Azul,Manifesto Entregue,3º TURNO,24/04/2026 23:10:00,25/04/2026 03:14:00,24/04/2026 23:34:23,24/04/2026 23:38:02,25/04/2026 01:48:47,25/04/2026 01:49:24,1
MAO-260004727,Azul,Manifesto Entregue,3º TURNO,24/04/2026 23:06:00,25/04/2026 03:15:00,24/04/2026 23:21:36,24/04/2026 23:32:38,25/04/2026 01:48:50,25/04/2026 01:49:27,1
MAO-260004728,Azul,Manifesto Entregue,3º TURNO,24/04/2026 23:02:00,25/04/2026 03:16:00,24/04/2026 23:33:22,24/04/2026 23:51:18,25/04/2026 01:48:55,25/04/2026 01:49:29,1
MAO-260004729,Latam,Manifesto Entregue,3º TURNO,24/04/2026 23:27:00,25/04/2026 03:36:00,24/04/2026 23:50:22,24/04/2026 23:54:29,25/04/2026 01:48:57,25/04/2026 01:49:32,1
MAO-260004730,Latam,Manifesto Entregue,3º TURNO,24/04/2026 23:28:00,25/04/2026 03:37:00,24/04/2026 23:54:28,25/04/2026 00:06:31,25/04/2026 01:49:00,25/04/2026 01:49:35,1
MAO-260004731,Latam,Manifesto Entregue,3º TURNO,24/04/2026 23:32:00,25/04/2026 03:39:00,25/04/2026 00:47:58,25/04/2026 01:44:51,25/04/2026 01:49:03,25/04/2026 01:49:38,1
MAO-260004732,Latam,Manifesto Entregue,3º TURNO,24/04/2026 23:31:00,25/04/2026 03:38:00,25/04/2026 00:05:34,25/04/2026 00:12:16,25/04/2026 01:49:06,25/04/2026 01:49:41,1
MAO-260004733,Latam,Manifesto Entregue,3º TURNO,24/04/2026 23:29:00,25/04/2026 03:37:00,24/04/2026 23:46:01,25/04/2026 00:16:53,25/04/2026 01:49:09,25/04/2026 01:49:44,1
MAO-260004774,Latam,Manifesto Entregue,2º TURNO,25/04/2026 20:25:00,26/04/2026 00:30:00,25/04/2026 20:32:23,25/04/2026 21:35:54,25/04/2026 21:36:08,25/04/2026 21:37:14,1
MAO-260004775,Gol,Manifesto Entregue,3º TURNO,25/04/2026 22:17:00,26/04/2026 02:19:00,25/04/2026 22:30:25,25/04/2026 23:01:11,25/04/2026 23:01:18,25/04/2026 23:28:04,1
MAO-260004776,Gol,Manifesto Entregue,3º TURNO,25/04/2026 22:13:00,26/04/2026 02:20:00,25/04/2026 22:30:22,25/04/2026 23:00:53,25/04/2026 23:01:20,25/04/2026 23:28:07,1
MAO-260004777,Latam,Manifesto Entregue,3º TURNO,25/04/2026 22:45:00,26/04/2026 02:49:00,25/04/2026 22:51:34,25/04/2026 23:01:07,25/04/2026 23:01:22,25/04/2026 23:01:25,1
MAO-260004778,Gol,Manifesto Entregue,3º TURNO,25/04/2026 23:05:00,26/04/2026 03:17:00,25/04/2026 23:29:12,25/04/2026 23:36:11,25/04/2026 23:36:15,25/04/2026 23:36:18,1
MAO-260004779,Azul,Manifesto Entregue,3º TURNO,25/04/2026 23:28:00,26/04/2026 03:30:00,25/04/2026 23:56:25,26/04/2026 00:15:46,26/04/2026 02:19:52,26/04/2026 02:20:04,1
MAO-260004780,Azul,Manifesto Entregue,3º TURNO,25/04/2026 23:23:00,26/04/2026 03:29:00,26/04/2026 00:11:40,26/04/2026 00:44:50,26/04/2026 02:19:55,26/04/2026 02:20:07,1
MAO-260004781,Azul,Manifesto Entregue,3º TURNO,25/04/2026 23:19:00,26/04/2026 03:29:00,25/04/2026 23:52:56,26/04/2026 00:23:17,26/04/2026 02:19:57,26/04/2026 02:20:10,1
MAO-260004805,Latam,Manifesto Entregue,3º TURNO,26/04/2026 22:41:00,27/04/2026 02:46:00,26/04/2026 22:55:47,26/04/2026 23:05:22,27/04/2026 01:04:08,27/04/2026 01:04:13,1
MAO-260004806,Latam,Manifesto Entregue,3º TURNO,26/04/2026 22:42:00,27/04/2026 02:46:00,26/04/2026 22:56:01,26/04/2026 23:11:22,27/04/2026 01:04:10,27/04/2026 01:04:15,1
MAO-260004828,Latam,Manifesto Entregue,2º TURNO,27/04/2026 20:08:00,28/04/2026 00:09:00,27/04/2026 20:11:32,27/04/2026 20:24:44,27/04/2026 20:25:05,27/04/2026 20:25:11,1
MAO-260004829,Azul,Manifesto Entregue,2º TURNO,27/04/2026 20:07:00,28/04/2026 00:11:00,27/04/2026 20:18:01,27/04/2026 20:24:58,27/04/2026 20:25:03,27/04/2026 20:25:08,1
MAO-260004830,Modern,Manifesto Entregue,2º TURNO,27/04/2026 20:12:00,28/04/2026 00:15:00,27/04/2026 20:21:46,27/04/2026 20:24:49,27/04/2026 20:25:02,27/04/2026 20:25:07,1
MAO-260004831,Gol,Manifesto Entregue,2º TURNO,27/04/2026 20:10:00,28/04/2026 00:11:00,27/04/2026 20:26:15,27/04/2026 21:00:23,27/04/2026 21:00:28,27/04/2026 21:00:32,1
MAO-260004832,Azul,Manifesto Entregue,2º TURNO,27/04/2026 20:10:00,28/04/2026 00:15:00,27/04/2026 20:26:14,27/04/2026 21:00:22,27/04/2026 21:00:26,27/04/2026 21:00:30,1
MAO-260004833,Gol,Manifesto Entregue,2º TURNO,27/04/2026 20:50:00,28/04/2026 00:52:00,27/04/2026 21:01:02,27/04/2026 21:10:46,27/04/2026 21:44:48,27/04/2026 21:44:51,1
MAO-260004834,Latam,Manifesto Entregue,2º TURNO,27/04/2026 21:07:00,28/04/2026 01:12:56,27/04/2026 21:13:11,27/04/2026 23:17:17,27/04/2026 23:17:40,27/04/2026 23:17:42,1
MAO-260004835,Gol,Manifesto Entregue,2º TURNO,27/04/2026 21:41:00,28/04/2026 01:42:00,27/04/2026 22:04:27,27/04/2026 22:16:24,27/04/2026 23:17:46,27/04/2026 23:18:34,1
MAO-260004836,Modern,Manifesto Entregue,2º TURNO,27/04/2026 21:45:00,28/04/2026 01:46:00,27/04/2026 22:17:02,27/04/2026 22:19:44,27/04/2026 22:19:51,27/04/2026 22:19:54,1
MAO-260004837,Gol,Manifesto Entregue,3º TURNO,27/04/2026 22:16:00,28/04/2026 02:20:00,27/04/2026 22:23:53,27/04/2026 22:53:25,27/04/2026 23:18:38,27/04/2026 23:18:40,1
MAO-260004838,Latam,Manifesto Entregue,3º TURNO,27/04/2026 22:37:00,28/04/2026 02:40:00,27/04/2026 22:45:29,27/04/2026 23:13:47,28/04/2026 02:31:15,28/04/2026 02:31:19,1
MAO-260004839,Latam,Manifesto Entregue,3º TURNO,27/04/2026 23:00:00,28/04/2026 03:06:00,27/04/2026 23:11:28,27/04/2026 23:15:47,27/04/2026 23:15:53,27/04/2026 23:16:00,1
MAO-260004840,Azul,Manifesto Entregue,3º TURNO,27/04/2026 23:05:00,28/04/2026 03:20:00,27/04/2026 23:51:34,27/04/2026 23:52:30,28/04/2026 01:27:40,28/04/2026 02:31:21,1
MAO-260004841,Azul,Manifesto Entregue,3º TURNO,27/04/2026 23:02:00,28/04/2026 03:20:00,27/04/2026 23:35:31,27/04/2026 23:57:07,28/04/2026 01:27:23,28/04/2026 02:31:23,1
MAO-260004842,Latam,Manifesto Entregue,3º TURNO,27/04/2026 23:44:00,28/04/2026 03:50:00,27/04/2026 23:56:54,28/04/2026 00:25:19,28/04/2026 01:54:47,28/04/2026 02:31:25,1
MAO-260004843,Latam,Manifesto Entregue,3º TURNO,27/04/2026 23:46:00,28/04/2026 03:53:00,27/04/2026 23:57:10,28/04/2026 00:25:29,28/04/2026 01:54:42,28/04/2026 02:31:27,1
MAO-260004885,Gol,Manifesto Entregue,2º TURNO,28/04/2026 20:47:00,29/04/2026 00:51:00,28/04/2026 21:04:18,28/04/2026 21:39:27,28/04/2026 21:39:34,28/04/2026 21:39:39,1
MAO-260004886,Gol,Manifesto Entregue,2º TURNO,28/04/2026 20:48:00,29/04/2026 00:51:00,28/04/2026 21:04:17,28/04/2026 21:39:25,28/04/2026 21:39:33,28/04/2026 21:39:37,1
MAO-260004887,Gol,Manifesto Entregue,3º TURNO,28/04/2026 22:17:00,29/04/2026 02:19:00,28/04/2026 22:25:47,28/04/2026 23:06:12,29/04/2026 00:16:46,29/04/2026 00:16:55,1
MAO-260004888,Gol,Manifesto Entregue,3º TURNO,28/04/2026 22:18:00,29/04/2026 02:19:00,28/04/2026 22:25:44,28/04/2026 23:06:13,29/04/2026 00:16:48,29/04/2026 00:16:58,1
MAO-260004889,Azul,Manifesto Entregue,3º TURNO,28/04/2026 22:59:00,29/04/2026 03:04:00,28/04/2026 23:11:42,28/04/2026 23:59:54,29/04/2026 00:16:37,29/04/2026 00:37:24,1
MAO-260004890,Latam,Manifesto Entregue,3º TURNO,28/04/2026 22:53:00,29/04/2026 03:08:00,28/04/2026 23:11:12,29/04/2026 00:03:28,29/04/2026 00:17:04,29/04/2026 00:37:30,1
MAO-260004891,Azul,Manifesto Entregue,3º TURNO,28/04/2026 23:02:00,29/04/2026 03:06:00,28/04/2026 23:11:31,28/04/2026 23:27:32,29/04/2026 00:16:40,29/04/2026 00:37:20,1
MAO-260004892,Latam,Manifesto Entregue,3º TURNO,28/04/2026 23:33:00,29/04/2026 03:46:00,29/04/2026 00:07:17,29/04/2026 00:48:52,29/04/2026 01:36:55,29/04/2026 02:07:34,1
MAO-260004893,Latam,Manifesto Entregue,3º TURNO,29/04/2026 23:29:00,30/04/2026 03:45:00,29/04/2026 00:32:37,29/04/2026 00:48:49,29/04/2026 01:36:53,29/04/2026 02:07:38,1
MAO-260004940,Modern,Manifesto Entregue,2º TURNO,29/04/2026 20:50:00,30/04/2026 00:57:00,29/04/2026 21:00:56,29/04/2026 21:12:03,29/04/2026 21:12:11,29/04/2026 21:12:17,1
MAO-260004941,Gol,Manifesto Entregue,2º TURNO,29/04/2026 20:58:00,30/04/2026 00:59:00,29/04/2026 21:02:29,29/04/2026 21:31:13,29/04/2026 21:31:33,29/04/2026 21:31:36,1
MAO-260004942,Latam,Manifesto Entregue,3º TURNO,29/04/2026 21:47:00,30/04/2026 01:49:00,29/04/2026 22:07:29,29/04/2026 23:27:18,30/04/2026 01:58:44,30/04/2026 05:00:59,1
MAO-260004943,Latam,Manifesto Entregue,3º TURNO,29/04/2026 21:44:00,30/04/2026 01:49:00,29/04/2026 22:07:52,29/04/2026 23:06:35,30/04/2026 01:58:36,30/04/2026 05:01:02,1
MAO-260004944,Azul,Manifesto Entregue,3º TURNO,29/04/2026 22:27:00,30/04/2026 02:31:12,29/04/2026 22:33:10,29/04/2026 23:12:01,30/04/2026 02:02:20,30/04/2026 05:01:04,1
MAO-260004945,Azul,Manifesto Entregue,3º TURNO,29/04/2026 22:51:00,30/04/2026 03:06:00,29/04/2026 23:12:00,29/04/2026 23:48:47,30/04/2026 01:58:05,30/04/2026 05:01:07,1
MAO-260004946,Azul,Manifesto Entregue,3º TURNO,29/04/2026 22:50:00,30/04/2026 03:05:00,29/04/2026 23:25:57,30/04/2026 00:13:53,30/04/2026 01:58:10,30/04/2026 05:01:10,1
MAO-260004947,Azul,Manifesto Entregue,3º TURNO,29/04/2026 22:48:00,30/04/2026 03:04:00,30/04/2026 00:14:33,30/04/2026 00:38:01,30/04/2026 02:01:58,30/04/2026 05:01:13,1
MAO-260004948,Gol,Manifesto Entregue,3º TURNO,29/04/2026 23:12:00,30/04/2026 03:18:00,29/04/2026 23:35:37,30/04/2026 00:37:45,30/04/2026 02:01:43,30/04/2026 05:01:15,1
MAO-260004949,Gol,Manifesto Entregue,3º TURNO,29/04/2026 23:11:00,30/04/2026 03:20:00,30/04/2026 00:38:39,30/04/2026 01:35:27,30/04/2026 01:58:29,30/04/2026 05:01:18,1
MAO-260004950,Latam,Manifesto Entregue,3º TURNO,29/04/2026 23:56:00,30/04/2026 04:16:00,30/04/2026 00:24:27,30/04/2026 01:34:24,30/04/2026 03:17:17,30/04/2026 05:01:20,1
MAO-260004993,Latam,Manifesto Entregue,2º TURNO,30/04/2026 20:00:00,01/05/2026 00:17:00,30/04/2026 20:22:16,30/04/2026 20:28:19,30/04/2026 20:28:25,30/04/2026 20:28:54,1
MAO-260004994,Latam,Manifesto Entregue,2º TURNO,30/04/2026 20:40:00,01/05/2026 00:45:00,30/04/2026 20:48:14,30/04/2026 21:21:54,01/05/2026 01:03:34,01/05/2026 05:36:13,1
MAO-260004995,Latam,Manifesto Entregue,2º TURNO,30/04/2026 20:40:00,01/05/2026 00:45:00,30/04/2026 20:49:04,30/04/2026 21:40:40,01/05/2026 01:02:52,01/05/2026 05:36:17,1
MAO-260004996,Latam,Manifesto Entregue,2º TURNO,30/04/2026 21:10:00,01/05/2026 01:14:00,30/04/2026 21:16:35,01/05/2026 05:10:54,01/05/2026 05:11:02,01/05/2026 05:36:19,1
MAO-260004997,Latam,Manifesto Entregue,2º TURNO,30/04/2026 20:50:00,01/05/2026 01:04:00,30/04/2026 21:23:00,30/04/2026 21:39:50,01/05/2026 01:03:22,01/05/2026 05:36:21,1
MAO-260004998,Latam,Manifesto Entregue,3º TURNO,30/04/2026 20:50:00,01/05/2026 01:06:00,30/04/2026 22:20:26,30/04/2026 23:27:27,01/05/2026 01:03:28,01/05/2026 05:36:39,1
MAO-260004999,Latam,Manifesto Entregue,3º TURNO,30/04/2026 21:30:00,01/05/2026 01:40:00,30/04/2026 22:19:52,30/04/2026 23:46:32,01/05/2026 05:08:17,01/05/2026 05:36:41,1
MAO-260005000,Azul,Manifesto Entregue,3º TURNO,30/04/2026 21:51:00,01/05/2026 01:54:00,30/04/2026 22:19:59,30/04/2026 23:46:34,01/05/2026 05:00:38,01/05/2026 05:36:44,1
MAO-260005001,Latam,Manifesto Entregue,3º TURNO,30/04/2026 22:10:00,01/05/2026 02:34:04,30/04/2026 23:46:57,01/05/2026 00:17:37,01/05/2026 01:03:46,01/05/2026 05:36:46,1
MAO-260005002,Gol,Manifesto Entregue,3º TURNO,30/04/2026 22:20:00,01/05/2026 02:36:21,30/04/2026 23:09:13,30/04/2026 23:54:24,01/05/2026 05:00:47,01/05/2026 05:36:48,1
MAO-260005003,Latam,Manifesto Entregue,3º TURNO,30/04/2026 22:32:00,01/05/2026 02:39:00,30/04/2026 23:46:19,01/05/2026 00:05:17,01/05/2026 05:01:54,01/05/2026 05:36:50,1
MAO-260005004,Azul,Manifesto Entregue,3º TURNO,30/04/2026 23:22:00,01/05/2026 03:37:00,30/04/2026 23:54:59,01/05/2026 00:05:33,01/05/2026 01:04:38,01/05/2026 05:36:52,1
MAO-260005005,Azul,Manifesto Entregue,3º TURNO,30/04/2026 23:32:00,01/05/2026 03:39:00,01/05/2026 00:06:37,01/05/2026 00:23:22,01/05/2026 05:00:02,01/05/2026 05:36:55,1
MAO-260005006,Azul,Manifesto Entregue,3º TURNO,30/04/2026 23:26:00,01/05/2026 03:40:00,01/05/2026 00:24:03,01/05/2026 00:33:26,01/05/2026 05:00:16,01/05/2026 05:36:58,1
MAO-260005052,Latam,Manifesto Entregue,3º TURNO,01/05/2026 22:34:00,02/05/2026 02:37:00,01/05/2026 22:45:32,01/05/2026 23:06:51,02/05/2026 01:42:32,02/05/2026 03:03:09,1
MAO-260005053,Latam,Manifesto Entregue,3º TURNO,01/05/2026 22:35:00,02/05/2026 02:37:00,01/05/2026 22:45:37,01/05/2026 23:06:53,02/05/2026 01:42:37,02/05/2026 03:03:12,1
MAO-260005054,Latam,Manifesto Entregue,3º TURNO,01/05/2026 22:56:00,02/05/2026 03:00:00,01/05/2026 23:02:36,01/05/2026 23:26:40,02/05/2026 01:42:44,02/05/2026 03:03:14,1
MAO-260005055,Azul,Manifesto Entregue,3º TURNO,01/05/2026 23:07:00,02/05/2026 03:09:00,01/05/2026 23:15:51,01/05/2026 23:40:51,02/05/2026 01:51:52,02/05/2026 03:03:16,1
MAO-260005087,Gol,Manifesto Entregue,3º TURNO,02/05/2026 22:33:00,03/05/2026 02:35:00,02/05/2026 23:14:44,02/05/2026 23:17:16,02/05/2026 23:55:58,02/05/2026 23:56:07,1
MAO-260005088,Gol,Manifesto Entregue,3º TURNO,02/05/2026 22:31:00,03/05/2026 02:35:00,02/05/2026 22:41:52,02/05/2026 22:58:50,02/05/2026 23:56:00,02/05/2026 23:56:09,1
MAO-260005089,Latam,Manifesto Entregue,3º TURNO,02/05/2026 22:54:00,03/05/2026 02:56:56,02/05/2026 22:58:27,02/05/2026 23:10:57,02/05/2026 23:56:03,02/05/2026 23:56:12,1
MAO-260005090,Azul,Manifesto Entregue,3º TURNO,02/05/2026 23:08:00,03/05/2026 03:12:00,02/05/2026 23:17:39,02/05/2026 23:23:20,03/05/2026 07:29:45,03/05/2026 07:29:48,1
MAO-260005100,Azul,Manifesto Entregue,3º TURNO,03/05/2026 22:56:00,04/05/2026 03:00:00,03/05/2026 23:08:55,03/05/2026 23:43:17,03/05/2026 23:43:23,03/05/2026 23:43:27,1
MAO-260005106,Azul,Manifesto Entregue,2º TURNO,04/05/2026 16:33:00,04/05/2026 20:37:00,04/05/2026 16:38:25,04/05/2026 16:53:18,05/05/2026 14:15:52,05/05/2026 14:16:05,1
MAO-260005107,Azul,Manifesto Entregue,2º TURNO,04/05/2026 16:30:00,04/05/2026 20:36:00,04/05/2026 16:42:36,04/05/2026 18:10:28,05/05/2026 14:15:50,05/05/2026 14:16:01,1
MAO-260005108,Gol,Manifesto Entregue,2º TURNO,04/05/2026 16:39:00,04/05/2026 20:40:00,04/05/2026 16:43:02,04/05/2026 18:11:14,05/05/2026 14:15:46,05/05/2026 14:15:57,1
MAO-260005110,Modern,Manifesto Entregue,2º TURNO,04/05/2026 18:58:00,04/05/2026 23:08:00,04/05/2026 19:24:04,05/05/2026 14:16:24,05/05/2026 14:16:31,05/05/2026 14:16:40,1
MAO-260005111,Modern,Manifesto Entregue,2º TURNO,04/05/2026 18:57:00,04/05/2026 23:08:00,04/05/2026 19:24:03,05/05/2026 14:16:23,05/05/2026 14:16:29,05/05/2026 14:16:36,1
MAO-260005127,Azul,Manifesto Entregue,3º TURNO,05/05/2026 22:05:00,06/05/2026 02:08:00,05/05/2026 22:44:19,05/05/2026 23:15:17,06/05/2026 00:35:59,06/05/2026 00:36:22,1
MAO-260005128,Azul,Manifesto Entregue,3º TURNO,05/05/2026 22:15:00,06/05/2026 02:17:00,05/05/2026 22:44:21,05/05/2026 23:15:15,06/05/2026 00:36:02,06/05/2026 00:36:25,1
MAO-260005129,Latam,Manifesto Entregue,3º TURNO,05/05/2026 22:16:00,06/05/2026 02:21:00,05/05/2026 22:24:09,05/05/2026 22:38:08,06/05/2026 00:36:04,06/05/2026 00:36:27,1
MAO-260005130,Azul,Manifesto Entregue,3º TURNO,05/05/2026 22:24:00,06/05/2026 02:36:00,05/05/2026 22:38:05,05/05/2026 22:45:35,06/05/2026 00:36:10,06/05/2026 00:36:30,1
MAO-260005131,Azul,Manifesto Entregue,3º TURNO,05/05/2026 22:37:00,06/05/2026 02:38:00,05/05/2026 22:44:10,05/05/2026 23:15:13,06/05/2026 00:36:12,06/05/2026 00:36:33,1
MAO-260005132,Gol,Manifesto Entregue,3º TURNO,05/05/2026 22:44:00,06/05/2026 02:45:00,05/05/2026 22:49:12,05/05/2026 23:15:04,06/05/2026 00:36:15,06/05/2026 00:36:35,1
MAO-260005133,Latam,Manifesto Entregue,3º TURNO,05/05/2026 22:47:00,06/05/2026 02:48:00,05/05/2026 22:50:59,05/05/2026 23:48:24,06/05/2026 00:36:19,06/05/2026 00:36:38,1
MAO-260005134,Azul,Manifesto Entregue,3º TURNO,05/05/2026 23:15:00,06/05/2026 03:21:00,05/05/2026 23:29:00,06/05/2026 00:37:29,06/05/2026 00:37:34,06/05/2026 00:37:38,1
MAO-260005135,Gol,Manifesto Entregue,3º TURNO,05/05/2026 23:34:00,06/05/2026 03:41:00,05/05/2026 23:48:23,06/05/2026 00:23:41,06/05/2026 01:57:48,06/05/2026 02:42:22,1
MAO-260005136,Azul,Manifesto Entregue,3º TURNO,05/05/2026 23:48:00,06/05/2026 03:51:00,06/05/2026 00:08:40,06/05/2026 01:58:11,06/05/2026 02:42:12,06/05/2026 02:42:24,1
MAO-260005169,Azul,Manifesto Entregue,3º TURNO,06/05/2026 21:44:00,07/05/2026 01:48:00,06/05/2026 22:03:47,06/05/2026 23:29:53,07/05/2026 00:15:42,07/05/2026 00:18:03,1
MAO-260005170,Azul,Manifesto Entregue,3º TURNO,06/05/2026 21:03:00,07/05/2026 01:05:00,06/05/2026 22:36:06,07/05/2026 00:15:24,07/05/2026 00:15:45,07/05/2026 00:18:00,1
MAO-260005171,Gol,Manifesto Entregue,3º TURNO,06/05/2026 20:41:00,07/05/2026 00:43:00,06/05/2026 22:36:13,07/05/2026 00:15:19,07/05/2026 00:15:49,07/05/2026 00:17:58,1
MAO-260005172,Azul,Manifesto Entregue,3º TURNO,06/05/2026 21:57:00,07/05/2026 02:04:00,06/05/2026 22:34:10,06/05/2026 23:28:57,07/05/2026 00:15:59,07/05/2026 00:17:55,1
MAO-260005173,Latam,Manifesto Entregue,3º TURNO,06/05/2026 22:52:00,07/05/2026 02:55:00,06/05/2026 23:00:39,06/05/2026 23:11:18,07/05/2026 00:17:11,07/05/2026 00:17:51,1
MAO-260005174,Azul,Manifesto Entregue,3º TURNO,06/05/2026 23:02:00,07/05/2026 03:10:00,06/05/2026 23:30:01,06/05/2026 23:40:40,07/05/2026 00:17:20,07/05/2026 00:17:47,1
MAO-260005175,Azul,Manifesto Entregue,3º TURNO,06/05/2026 22:58:00,07/05/2026 03:10:00,06/05/2026 23:38:37,06/05/2026 23:53:09,07/05/2026 00:17:31,07/05/2026 00:17:43,1
MAO-260005176,Azul,Manifesto Entregue,3º TURNO,06/05/2026 23:00:00,07/05/2026 03:10:00,06/05/2026 23:42:34,06/05/2026 23:52:21,07/05/2026 00:17:35,07/05/2026 00:17:39,1
MAO-260005177,Latam,Manifesto Entregue,3º TURNO,06/05/2026 23:25:00,07/05/2026 03:26:00,06/05/2026 23:34:43,06/05/2026 23:52:46,07/05/2026 02:59:41,07/05/2026 02:59:57,1
MAO-260005178,Gol,Manifesto Entregue,3º TURNO,06/05/2026 23:34:00,07/05/2026 04:17:00,07/05/2026 00:51:21,07/05/2026 01:17:50,07/05/2026 02:59:44,07/05/2026 03:00:01,1
MAO-260005179,Gol,Manifesto Entregue,3º TURNO,06/05/2026 23:37:00,07/05/2026 04:18:00,07/05/2026 00:40:49,07/05/2026 01:26:10,07/05/2026 02:59:47,07/05/2026 03:00:04,1
MAO-260005220,Latam,Manifesto Entregue,2º TURNO,07/05/2026 21:44:00,08/05/2026 01:46:00,07/05/2026 21:56:25,07/05/2026 21:58:20,07/05/2026 22:29:21,07/05/2026 22:29:23,1
MAO-260005221,Latam,Manifesto Entregue,2º TURNO,07/05/2026 21:44:00,08/05/2026 01:46:00,07/05/2026 21:56:23,07/05/2026 21:58:18,07/05/2026 22:29:18,07/05/2026 22:29:26,1
MAO-260005222,Azul,Manifesto Entregue,3º TURNO,07/05/2026 22:36:00,08/05/2026 02:44:00,07/05/2026 22:53:26,07/05/2026 23:06:12,08/05/2026 00:15:07,08/05/2026 00:27:21,1
MAO-260005223,Azul,Manifesto Entregue,3º TURNO,07/05/2026 22:40:00,08/05/2026 02:44:00,07/05/2026 22:53:25,07/05/2026 23:06:11,08/05/2026 00:14:59,08/05/2026 00:27:23,1
MAO-260005224,Azul,Manifesto Entregue,3º TURNO,07/05/2026 22:34:00,08/05/2026 02:44:00,07/05/2026 22:55:41,08/05/2026 00:17:07,08/05/2026 00:17:32,08/05/2026 00:27:26,1
MAO-260005225,Azul,Manifesto Entregue,3º TURNO,07/05/2026 22:32:00,08/05/2026 02:44:00,07/05/2026 22:55:42,07/05/2026 23:11:53,08/05/2026 00:14:12,08/05/2026 00:27:28,1
MAO-260005226,Azul,Manifesto Entregue,3º TURNO,07/05/2026 22:38:00,08/05/2026 02:44:00,07/05/2026 22:55:44,07/05/2026 23:11:55,08/05/2026 00:14:08,08/05/2026 00:27:31,1
MAO-260005227,Latam,Manifesto Entregue,3º TURNO,07/05/2026 22:43:00,08/05/2026 03:01:00,07/05/2026 23:04:31,08/05/2026 00:16:06,08/05/2026 00:27:18,08/05/2026 00:27:34,1
MAO-260005228,Azul,Manifesto Entregue,3º TURNO,07/05/2026 22:50:00,08/05/2026 03:21:00,07/05/2026 23:54:13,08/05/2026 00:17:23,08/05/2026 00:17:43,08/05/2026 00:27:36,1
MAO-260005277,Azul,Manifesto Entregue,2º TURNO,08/05/2026 21:22:00,09/05/2026 01:26:00,08/05/2026 21:56:49,08/05/2026 22:02:50,08/05/2026 23:28:39,08/05/2026 23:55:20,1
MAO-260005278,Gol,Manifesto Entregue,2º TURNO,08/05/2026 21:47:00,09/05/2026 01:50:00,08/05/2026 21:56:51,08/05/2026 22:02:47,08/05/2026 22:47:19,08/05/2026 22:48:35,1
MAO-260005279,Modern,Manifesto Entregue,2º TURNO,08/05/2026 21:45:00,09/05/2026 01:50:00,08/05/2026 21:57:07,08/05/2026 22:05:03,08/05/2026 22:05:15,08/05/2026 22:05:19,1
MAO-260005280,Azul,Manifesto Entregue,3º TURNO,08/05/2026 21:56:00,09/05/2026 01:59:00,08/05/2026 22:04:25,08/05/2026 22:20:16,08/05/2026 23:56:07,08/05/2026 23:56:17,1
MAO-260005281,Azul,Manifesto Entregue,3º TURNO,08/05/2026 22:00:00,09/05/2026 02:03:00,08/05/2026 22:25:48,08/05/2026 23:15:21,08/05/2026 23:56:10,08/05/2026 23:56:20,1
MAO-260005282,Gol,Manifesto Entregue,3º TURNO,08/05/2026 22:38:00,09/05/2026 02:45:00,08/05/2026 22:52:53,08/05/2026 23:21:31,09/05/2026 00:03:32,09/05/2026 01:05:30,1
MAO-260005283,Azul,Manifesto Entregue,3º TURNO,08/05/2026 22:51:00,09/05/2026 02:54:00,08/05/2026 23:04:21,08/05/2026 23:16:29,08/05/2026 23:28:50,08/05/2026 23:55:23,1
MAO-260005284,Azul,Manifesto Entregue,3º TURNO,08/05/2026 23:02:00,09/05/2026 03:12:00,08/05/2026 23:15:20,08/05/2026 23:30:11,09/05/2026 03:05:05,09/05/2026 04:34:55,1
MAO-260005285,Azul,Manifesto Entregue,3º TURNO,08/05/2026 23:18:00,09/05/2026 03:22:00,08/05/2026 23:24:56,08/05/2026 23:51:41,09/05/2026 03:05:18,09/05/2026 04:34:58,1
MAO-260005286,Latam,Manifesto Entregue,3º TURNO,08/05/2026 23:44:00,09/05/2026 03:49:00,09/05/2026 00:00:43,09/05/2026 01:06:33,09/05/2026 03:05:50,09/05/2026 04:35:00,1
MAO-260005287,Latam,Manifesto Entregue,3º TURNO,08/05/2026 23:42:00,09/05/2026 03:49:00,09/05/2026 00:02:34,09/05/2026 00:19:52,09/05/2026 03:05:55,09/05/2026 04:35:03,1
MAO-260005288,Latam,Manifesto Entregue,3º TURNO,08/05/2026 23:39:00,09/05/2026 03:49:00,09/05/2026 00:33:23,09/05/2026 00:50:29,09/05/2026 03:05:59,09/05/2026 04:35:06,1
MAO-260005289,Latam,Manifesto Entregue,3º TURNO,08/05/2026 23:37:00,09/05/2026 03:49:00,09/05/2026 00:16:20,09/05/2026 00:17:45,09/05/2026 03:06:07,09/05/2026 04:35:09,1
MAO-260005290,Latam,Manifesto Entregue,3º TURNO,08/05/2026 23:35:00,09/05/2026 03:49:00,09/05/2026 00:18:06,09/05/2026 00:22:29,09/05/2026 03:06:17,09/05/2026 04:03:20,1
MAO-260005330,Azul,Manifesto Entregue,3º TURNO,09/05/2026 22:29:00,10/05/2026 02:31:00,09/05/2026 22:35:00,09/05/2026 23:16:30,09/05/2026 23:16:43,09/05/2026 23:16:53,1
MAO-260005331,Latam,Manifesto Entregue,3º TURNO,09/05/2026 22:42:00,10/05/2026 02:47:00,09/05/2026 22:49:30,09/05/2026 23:16:13,09/05/2026 23:16:45,10/05/2026 00:35:03,1
MAO-260005332,Latam,Manifesto Entregue,3º TURNO,09/05/2026 22:56:00,10/05/2026 03:02:00,09/05/2026 23:06:12,09/05/2026 23:25:18,10/05/2026 00:05:23,10/05/2026 00:34:16,1
MAO-260005333,Azul,Manifesto Entregue,3º TURNO,09/05/2026 23:00:00,10/05/2026 03:16:00,09/05/2026 23:19:42,09/05/2026 23:30:23,09/05/2026 23:45:34,09/05/2026 23:45:37,1
MAO-260005334,Azul,Manifesto Entregue,3º TURNO,09/05/2026 23:14:00,10/05/2026 03:16:00,09/05/2026 23:28:26,09/05/2026 23:29:29,09/05/2026 23:45:19,09/05/2026 23:45:23,1
MAO-260005335,Gol,Manifesto Entregue,3º TURNO,09/05/2026 23:33:00,10/05/2026 03:34:00,09/05/2026 23:37:06,09/05/2026 23:44:52,10/05/2026 00:34:57,10/05/2026 05:24:42,1
MAO-260005336,Latam,Manifesto Entregue,3º TURNO,09/05/2026 23:45:00,10/05/2026 03:46:00,09/05/2026 23:49:14,10/05/2026 00:05:38,10/05/2026 00:05:45,10/05/2026 00:34:10,1
MAO-260005348,Azul,Manifesto Entregue,2º TURNO,10/05/2026 20:50:00,11/05/2026 00:52:00,10/05/2026 20:56:26,10/05/2026 21:05:25,10/05/2026 21:42:26,10/05/2026 21:42:29,1
MAO-260005365,Modern,Manifesto Entregue,2º TURNO,11/05/2026 21:33:00,12/05/2026 01:40:00,11/05/2026 21:58:41,11/05/2026 22:28:41,11/05/2026 22:52:12,11/05/2026 22:52:24,1
MAO-260005366,Gol,Manifesto Entregue,2º TURNO,11/05/2026 21:35:00,12/05/2026 01:40:00,11/05/2026 21:56:10,11/05/2026 22:06:24,11/05/2026 22:52:17,11/05/2026 22:52:28,1
MAO-260005367,Modern,Manifesto Entregue,3º TURNO,11/05/2026 21:45:00,12/05/2026 02:00:00,11/05/2026 22:04:27,11/05/2026 22:11:09,11/05/2026 22:52:09,11/05/2026 22:52:31,1
MAO-260005368,Latam,Manifesto Entregue,3º TURNO,11/05/2026 22:23:00,12/05/2026 02:25:00,11/05/2026 22:29:21,11/05/2026 22:39:47,12/05/2026 00:01:23,12/05/2026 00:01:26,1
MAO-260005369,Azul,Manifesto Entregue,3º TURNO,11/05/2026 22:36:00,12/05/2026 02:49:00,11/05/2026 22:54:16,11/05/2026 23:05:58,12/05/2026 00:01:43,12/05/2026 00:02:01,1
MAO-260005370,Azul,Manifesto Entregue,3º TURNO,11/05/2026 22:35:00,12/05/2026 02:49:00,11/05/2026 22:55:53,11/05/2026 23:09:26,12/05/2026 00:01:45,12/05/2026 00:02:04,1
MAO-260005371,Azul,Manifesto Entregue,3º TURNO,11/05/2026 22:44:00,12/05/2026 02:49:00,11/05/2026 22:56:01,11/05/2026 23:09:29,12/05/2026 00:01:51,12/05/2026 00:02:20,1
MAO-260005372,Latam,Manifesto Entregue,3º TURNO,11/05/2026 23:01:00,12/05/2026 03:10:00,11/05/2026 23:37:04,11/05/2026 23:40:41,12/05/2026 00:53:15,12/05/2026 00:53:19,1
MAO-260005373,Azul,Manifesto Entregue,3º TURNO,11/05/2026 23:17:00,12/05/2026 03:30:00,11/05/2026 23:37:09,11/05/2026 23:40:43,12/05/2026 01:26:39,12/05/2026 01:26:43,1
MAO-260005408,Azul,Manifesto Entregue,2º TURNO,12/05/2026 19:40:00,13/05/2026 00:00:00,12/05/2026 20:40:26,12/05/2026 21:01:19,12/05/2026 21:54:16,12/05/2026 22:30:30,1
MAO-260005409,Azul,Manifesto Entregue,2º TURNO,12/05/2026 19:19:00,13/05/2026 00:00:00,12/05/2026 20:40:32,12/05/2026 21:01:21,12/05/2026 21:54:19,12/05/2026 22:57:29,1
MAO-260005410,Azul,Manifesto Entregue,2º TURNO,12/05/2026 19:21:00,13/05/2026 00:00:00,12/05/2026 21:02:35,12/05/2026 21:39:30,12/05/2026 21:54:24,12/05/2026 22:57:33,1
MAO-260005411,Latam,Manifesto Entregue,2º TURNO,12/05/2026 20:47:00,13/05/2026 00:48:00,12/05/2026 21:56:31,12/05/2026 22:39:51,12/05/2026 22:40:00,12/05/2026 23:30:21,1
MAO-260005412,Azul,Manifesto Entregue,2º TURNO,12/05/2026 20:25:00,13/05/2026 00:33:00,12/05/2026 21:56:34,12/05/2026 23:30:51,12/05/2026 23:31:04,13/05/2026 00:12:37,1
MAO-260005413,Azul,Manifesto Entregue,2º TURNO,12/05/2026 21:03:00,13/05/2026 01:08:00,12/05/2026 22:04:13,12/05/2026 22:30:56,12/05/2026 22:38:41,12/05/2026 23:30:25,1
MAO-260005414,Gol,Manifesto Entregue,2º TURNO,12/05/2026 21:25:00,13/05/2026 01:40:00,12/05/2026 22:13:03,12/05/2026 23:30:53,12/05/2026 23:31:06,13/05/2026 00:12:34,1
MAO-260005415,Azul,Manifesto Entregue,3º TURNO,12/05/2026 22:21:00,13/05/2026 02:25:00,12/05/2026 22:30:46,12/05/2026 22:59:49,12/05/2026 23:08:20,12/05/2026 23:30:30,1
MAO-260005416,Azul,Manifesto Entregue,3º TURNO,12/05/2026 22:22:00,13/05/2026 02:26:00,12/05/2026 22:30:48,12/05/2026 22:59:48,12/05/2026 23:08:12,12/05/2026 23:30:33,1
MAO-260005417,Latam,Manifesto Entregue,3º TURNO,12/05/2026 22:33:00,13/05/2026 02:35:00,12/05/2026 22:38:27,12/05/2026 22:53:14,12/05/2026 23:08:09,12/05/2026 23:30:36,1
MAO-260005418,Latam,Manifesto Entregue,3º TURNO,12/05/2026 23:12:00,13/05/2026 03:17:00,12/05/2026 23:34:46,13/05/2026 02:48:32,13/05/2026 02:48:55,13/05/2026 02:49:11,1
MAO-260005419,Azul,Manifesto Entregue,3º TURNO,12/05/2026 23:17:00,13/05/2026 03:27:00,13/05/2026 01:30:20,13/05/2026 02:17:30,13/05/2026 02:48:58,13/05/2026 02:49:15,1
MAO-260005466,Gol,Manifesto Entregue,2º TURNO,13/05/2026 20:22:00,14/05/2026 00:29:00,13/05/2026 20:33:02,13/05/2026 21:31:01,13/05/2026 21:31:06,13/05/2026 21:31:10,1
MAO-260005467,Gol,Manifesto Entregue,2º TURNO,13/05/2026 20:24:00,14/05/2026 00:29:00,13/05/2026 20:33:00,13/05/2026 20:34:15,13/05/2026 21:31:04,13/05/2026 21:31:08,1
MAO-260005468,Gol,Manifesto Entregue,2º TURNO,13/05/2026 20:26:00,14/05/2026 00:29:00,13/05/2026 20:37:13,13/05/2026 21:39:05,13/05/2026 22:29:06,13/05/2026 22:29:11,1
MAO-260005469,Latam,Manifesto Entregue,2º TURNO,13/05/2026 21:32:00,14/05/2026 01:35:00,13/05/2026 21:54:19,13/05/2026 22:32:17,13/05/2026 22:34:43,13/05/2026 22:34:46,1
MAO-260005470,Gol,Manifesto Entregue,2º TURNO,13/05/2026 21:37:00,14/05/2026 01:40:00,13/05/2026 21:57:15,13/05/2026 22:06:34,13/05/2026 22:28:46,13/05/2026 22:28:50,1
MAO-260005471,Gol,Manifesto Entregue,3º TURNO,13/05/2026 21:58:00,14/05/2026 02:00:00,13/05/2026 22:02:59,13/05/2026 22:08:38,13/05/2026 22:28:42,13/05/2026 22:28:53,1
MAO-260005472,Azul,Manifesto Entregue,3º TURNO,13/05/2026 22:23:00,14/05/2026 02:25:00,13/05/2026 22:32:23,13/05/2026 23:00:18,14/05/2026 00:41:10,14/05/2026 03:00:07,1
MAO-260005473,Azul,Manifesto Entregue,3º TURNO,13/05/2026 22:30:00,14/05/2026 02:42:00,13/05/2026 22:50:53,13/05/2026 23:01:39,14/05/2026 00:40:40,14/05/2026 03:00:09,1
MAO-260005474,Azul,Manifesto Entregue,3º TURNO,13/05/2026 22:34:00,14/05/2026 02:39:00,13/05/2026 22:51:25,13/05/2026 23:05:18,14/05/2026 00:40:28,14/05/2026 03:00:13,1
MAO-260005475,Azul,Manifesto Entregue,3º TURNO,13/05/2026 22:27:00,14/05/2026 02:43:00,13/05/2026 22:51:19,13/05/2026 23:08:06,14/05/2026 00:40:57,14/05/2026 03:00:29,1
MAO-260005476,Azul,Manifesto Entregue,3º TURNO,13/05/2026 22:40:00,14/05/2026 02:44:00,13/05/2026 23:00:27,13/05/2026 23:10:17,14/05/2026 00:40:46,14/05/2026 03:00:15,1
MAO-260005477,Azul,Manifesto Entregue,3º TURNO,13/05/2026 22:36:00,14/05/2026 02:49:00,13/05/2026 23:01:38,13/05/2026 23:13:52,14/05/2026 00:41:03,14/05/2026 03:00:21,1
MAO-260005478,Latam,Manifesto Entregue,3º TURNO,13/05/2026 23:28:00,14/05/2026 03:30:00,13/05/2026 23:33:17,14/05/2026 02:40:05,14/05/2026 02:40:15,14/05/2026 03:00:19,1
MAO-260005524,Gol,Manifesto Entregue,2º TURNO,14/05/2026 20:10:00,15/05/2026 00:13:00,14/05/2026 20:16:22,14/05/2026 20:41:51,14/05/2026 20:42:05,14/05/2026 21:12:56,1
MAO-260005525,Latam,Manifesto Entregue,2º TURNO,14/05/2026 20:21:00,15/05/2026 00:27:00,14/05/2026 20:27:44,14/05/2026 20:42:00,14/05/2026 20:42:07,14/05/2026 21:12:51,1
MAO-260005526,Gol,Manifesto Entregue,2º TURNO,14/05/2026 21:05:00,15/05/2026 01:08:00,14/05/2026 21:13:36,14/05/2026 21:20:35,14/05/2026 21:20:37,14/05/2026 21:20:39,1
MAO-260005527,Latam,Manifesto Entregue,2º TURNO,14/05/2026 21:36:00,15/05/2026 01:40:00,14/05/2026 21:52:35,14/05/2026 22:14:50,14/05/2026 23:41:36,14/05/2026 23:41:48,1
MAO-260005528,Azul,Manifesto Entregue,3º TURNO,14/05/2026 22:19:00,15/05/2026 02:24:45,14/05/2026 22:25:49,14/05/2026 22:32:34,15/05/2026 00:49:12,15/05/2026 00:50:57,1
MAO-260005529,Azul,Manifesto Entregue,3º TURNO,14/05/2026 22:18:00,15/05/2026 02:24:00,14/05/2026 22:26:10,14/05/2026 22:32:51,15/05/2026 00:49:16,15/05/2026 00:51:03,1
MAO-260005530,Gol,Manifesto Entregue,3º TURNO,14/05/2026 22:23:00,15/05/2026 02:26:00,14/05/2026 22:31:14,14/05/2026 22:51:09,14/05/2026 23:41:10,14/05/2026 23:41:58,1
MAO-260005531,Gol,Manifesto Entregue,3º TURNO,14/05/2026 22:24:00,15/05/2026 02:26:00,14/05/2026 22:35:00,14/05/2026 22:36:03,14/05/2026 23:41:15,14/05/2026 23:42:02,1
MAO-260005532,Gol,Manifesto Entregue,3º TURNO,14/05/2026 22:30:00,15/05/2026 02:35:00,14/05/2026 22:38:17,14/05/2026 23:00:41,14/05/2026 23:41:19,14/05/2026 23:42:05,1
MAO-260005533,Gol,Manifesto Entregue,3º TURNO,14/05/2026 22:31:00,15/05/2026 02:35:00,14/05/2026 22:38:38,14/05/2026 22:58:54,14/05/2026 23:41:22,14/05/2026 23:42:08,1
MAO-260005534,Latam,Manifesto Entregue,3º TURNO,14/05/2026 22:50:00,15/05/2026 02:56:00,14/05/2026 22:58:59,14/05/2026 23:24:52,15/05/2026 00:49:19,15/05/2026 00:50:59,1
MAO-260005535,Azul,Manifesto Entregue,3º TURNO,14/05/2026 23:23:00,15/05/2026 03:39:00,14/05/2026 23:54:40,15/05/2026 00:46:56,15/05/2026 00:49:31,15/05/2026 00:51:05,1
MAO-260005536,Azul,Manifesto Entregue,3º TURNO,14/05/2026 23:32:00,15/05/2026 03:37:00,15/05/2026 00:19:56,15/05/2026 00:30:47,15/05/2026 00:49:35,15/05/2026 00:51:08,1
MAO-260005537,Azul,Manifesto Entregue,3º TURNO,14/05/2026 23:04:00,15/05/2026 03:36:00,15/05/2026 00:19:58,15/05/2026 00:30:46,15/05/2026 00:50:14,15/05/2026 00:51:11,1
MAO-260005538,Azul,Manifesto Entregue,3º TURNO,14/05/2026 23:10:00,15/05/2026 03:45:00,15/05/2026 00:20:00,15/05/2026 00:30:44,15/05/2026 00:50:46,15/05/2026 00:51:13,1
MAO-260005539,Azul,Manifesto Entregue,3º TURNO,14/05/2026 23:42:00,15/05/2026 03:48:24,14/05/2026 23:53:45,14/05/2026 23:58:15,15/05/2026 00:50:49,15/05/2026 00:51:16,1
MAO-260005540,Latam,Manifesto Entregue,3º TURNO,14/05/2026 23:35:00,15/05/2026 03:41:00,14/05/2026 23:53:13,14/05/2026 23:58:13,15/05/2026 00:50:53,15/05/2026 00:51:19,1
MAO-260005584,Latam,Manifesto Entregue,2º TURNO,15/05/2026 20:54:00,16/05/2026 01:00:00,15/05/2026 21:57:21,15/05/2026 22:35:13,15/05/2026 23:02:08,15/05/2026 23:02:13,1
MAO-260005585,Gol,Manifesto Entregue,2º TURNO,15/05/2026 21:33:00,16/05/2026 01:38:00,15/05/2026 21:59:33,15/05/2026 23:50:23,16/05/2026 00:41:02,16/05/2026 00:51:08,1
MAO-260005586,Gol,Manifesto Entregue,2º TURNO,15/05/2026 20:06:00,16/05/2026 00:32:00,15/05/2026 22:01:13,15/05/2026 23:11:15,16/05/2026 00:40:55,16/05/2026 00:51:11,1
MAO-260005587,Gol,Manifesto Entregue,3º TURNO,15/05/2026 21:18:00,16/05/2026 01:20:00,15/05/2026 22:13:05,15/05/2026 22:28:40,15/05/2026 23:03:38,15/05/2026 23:03:45,1
MAO-260005588,Gol,Manifesto Entregue,3º TURNO,15/05/2026 21:17:00,16/05/2026 01:20:00,15/05/2026 22:13:19,15/05/2026 22:28:17,15/05/2026 23:03:41,15/05/2026 23:03:48,1
MAO-260005589,Azul,Manifesto Entregue,3º TURNO,15/05/2026 21:50:00,16/05/2026 01:53:00,15/05/2026 22:13:36,15/05/2026 22:28:29,15/05/2026 23:02:20,15/05/2026 23:03:50,1
MAO-260005590,Gol,Manifesto Entregue,3º TURNO,15/05/2026 22:09:00,16/05/2026 02:13:00,15/05/2026 22:23:39,15/05/2026 23:56:43,16/05/2026 00:40:48,16/05/2026 00:51:13,1
MAO-260005591,Latam,Manifesto Entregue,3º TURNO,15/05/2026 22:12:00,16/05/2026 02:15:00,15/05/2026 22:29:38,15/05/2026 22:40:42,15/05/2026 23:02:25,15/05/2026 23:03:54,1
MAO-260005592,Gol,Manifesto Entregue,3º TURNO,15/05/2026 22:26:00,16/05/2026 02:34:00,15/05/2026 22:36:50,15/05/2026 22:43:20,15/05/2026 23:03:29,15/05/2026 23:03:57,1
MAO-260005593,Azul,Manifesto Entregue,3º TURNO,15/05/2026 22:56:00,16/05/2026 03:00:00,15/05/2026 23:25:15,15/05/2026 23:28:31,16/05/2026 00:42:19,16/05/2026 00:51:16,1
MAO-260005594,Azul,Manifesto Entregue,3º TURNO,15/05/2026 22:47:00,16/05/2026 03:01:00,15/05/2026 23:21:42,15/05/2026 23:29:58,16/05/2026 00:42:15,16/05/2026 00:51:33,1
MAO-260005595,Azul,Manifesto Entregue,3º TURNO,15/05/2026 22:46:00,16/05/2026 03:00:00,15/05/2026 23:15:28,15/05/2026 23:31:54,16/05/2026 00:42:09,16/05/2026 00:51:35,1
MAO-260005596,Azul,Manifesto Entregue,3º TURNO,15/05/2026 22:50:00,16/05/2026 03:06:00,15/05/2026 23:11:22,15/05/2026 23:26:45,16/05/2026 00:42:27,16/05/2026 00:51:37,1
MAO-260005597,Azul,Manifesto Entregue,3º TURNO,15/05/2026 22:48:00,16/05/2026 03:02:00,15/05/2026 23:24:06,15/05/2026 23:40:09,16/05/2026 00:41:51,16/05/2026 00:51:39,1
MAO-260005598,Azul,Manifesto Entregue,3º TURNO,15/05/2026 22:52:00,16/05/2026 03:06:00,15/05/2026 23:28:40,15/05/2026 23:35:18,16/05/2026 00:42:03,16/05/2026 00:51:29,1
MAO-260005599,Azul,Manifesto Entregue,3º TURNO,15/05/2026 22:51:00,16/05/2026 03:06:00,15/05/2026 23:29:23,15/05/2026 23:38:52,16/05/2026 00:41:57,16/05/2026 00:51:42,1
MAO-260005600,Latam,Manifesto Entregue,3º TURNO,15/05/2026 23:25:00,16/05/2026 03:31:00,15/05/2026 23:35:25,15/05/2026 23:50:20,16/05/2026 02:38:18,16/05/2026 03:35:51,1
MAO-260005601,Latam,Manifesto Entregue,3º TURNO,15/05/2026 23:24:00,16/05/2026 03:31:00,15/05/2026 23:39:28,15/05/2026 23:40:00,16/05/2026 00:40:18,16/05/2026 00:51:47,1
MAO-260005602,Latam,Manifesto Entregue,3º TURNO,15/05/2026 23:28:00,16/05/2026 03:42:00,15/05/2026 23:43:40,15/05/2026 23:54:12,16/05/2026 00:40:35,16/05/2026 00:51:50,1
MAO-260005603,Azul,Manifesto Entregue,3º TURNO,15/05/2026 23:51:00,16/05/2026 03:53:00,15/05/2026 23:56:19,16/05/2026 00:21:27,16/05/2026 00:41:34,16/05/2026 00:51:53,1
MAO-260005648,Azul,Manifesto Entregue,2º TURNO,16/05/2026 19:58:00,17/05/2026 00:01:00,16/05/2026 20:05:14,16/05/2026 20:09:32,16/05/2026 20:24:44,16/05/2026 20:24:49,1
MAO-260005649,Azul,Manifesto Entregue,2º TURNO,16/05/2026 20:00:00,17/05/2026 00:09:00,16/05/2026 20:11:46,16/05/2026 20:24:38,16/05/2026 20:24:42,16/05/2026 20:24:47,1
MAO-260005650,Latam,Manifesto Entregue,3º TURNO,16/05/2026 22:26:00,17/05/2026 02:29:00,16/05/2026 22:34:18,16/05/2026 22:51:52,16/05/2026 23:29:11,17/05/2026 03:22:33,1
MAO-260005651,Azul,Manifesto Entregue,3º TURNO,16/05/2026 22:40:00,17/05/2026 02:44:00,16/05/2026 22:50:18,16/05/2026 23:14:08,16/05/2026 23:29:04,17/05/2026 03:22:37,1
MAO-260005652,Azul,Manifesto Entregue,3º TURNO,16/05/2026 22:34:00,17/05/2026 02:45:00,16/05/2026 22:51:00,16/05/2026 22:53:04,16/05/2026 23:24:53,17/05/2026 03:22:39,1
MAO-260005653,Azul,Manifesto Entregue,3º TURNO,16/05/2026 22:36:00,17/05/2026 02:46:00,16/05/2026 22:51:33,16/05/2026 23:09:36,16/05/2026 23:29:08,17/05/2026 03:22:42,1
MAO-260005654,Latam,Manifesto Entregue,3º TURNO,16/05/2026 23:55:00,17/05/2026 04:16:00,17/05/2026 00:20:08,17/05/2026 00:58:54,17/05/2026 01:45:14,17/05/2026 03:22:44,1
MAO-260005671,Azul,Manifesto Entregue,2º TURNO,17/05/2026 21:32:00,18/05/2026 01:33:00,17/05/2026 21:36:23,17/05/2026 21:44:21,17/05/2026 23:19:54,17/05/2026 23:19:57,1
MAO-260005672,Azul,Manifesto Entregue,3º TURNO,17/05/2026 23:13:00,18/05/2026 03:16:00,17/05/2026 23:20:13,17/05/2026 23:28:11,18/05/2026 09:15:03,18/05/2026 09:15:18,1
MAO-260005698,Gol,Manifesto Entregue,2º TURNO,18/05/2026 20:19:00,19/05/2026 00:27:00,18/05/2026 20:38:39,18/05/2026 21:09:33,18/05/2026 21:26:02,18/05/2026 21:33:39,1
MAO-260005699,Modern,Manifesto Entregue,2º TURNO,18/05/2026 20:33:00,19/05/2026 00:36:00,18/05/2026 20:39:09,18/05/2026 20:54:42,18/05/2026 21:26:05,18/05/2026 21:33:36,1
MAO-260005700,Latam,Manifesto Entregue,2º TURNO,18/05/2026 20:40:00,19/05/2026 00:50:00,18/05/2026 21:09:40,18/05/2026 21:26:27,18/05/2026 21:26:40,18/05/2026 21:33:33,1
MAO-260005701,Latam,Manifesto Entregue,2º TURNO,18/05/2026 21:01:00,19/05/2026 01:03:00,18/05/2026 21:09:39,18/05/2026 21:26:25,18/05/2026 21:26:37,18/05/2026 21:33:30,1
MAO-260005702,Latam,Manifesto Entregue,2º TURNO,18/05/2026 20:41:00,19/05/2026 00:50:00,18/05/2026 21:11:50,18/05/2026 21:26:24,18/05/2026 21:26:35,18/05/2026 21:33:26,1
MAO-260005703,Gol,Manifesto Entregue,2º TURNO,18/05/2026 21:05:00,19/05/2026 01:07:00,18/05/2026 21:16:34,18/05/2026 23:12:48,18/05/2026 23:12:57,19/05/2026 03:15:33,1
MAO-260005704,Latam,Manifesto Entregue,3º TURNO,18/05/2026 22:53:00,19/05/2026 02:55:00,18/05/2026 23:01:15,19/05/2026 01:04:56,19/05/2026 03:15:28,19/05/2026 03:15:40,1
MAO-260005705,Azul,Manifesto Entregue,3º TURNO,18/05/2026 22:55:00,19/05/2026 02:56:00,18/05/2026 23:02:21,18/05/2026 23:12:24,19/05/2026 00:05:50,19/05/2026 03:15:35,1
MAO-260005706,Latam,Manifesto Entregue,3º TURNO,18/05/2026 23:31:00,19/05/2026 03:38:00,18/05/2026 23:45:25,19/05/2026 00:04:23,19/05/2026 01:04:25,19/05/2026 03:15:37,1
MAO-260005707,Latam,Manifesto Entregue,3º TURNO,18/05/2026 23:32:00,19/05/2026 03:38:00,19/05/2026 00:04:55,19/05/2026 00:11:11,19/05/2026 01:04:28,19/05/2026 03:15:42,1
MAO-260005742,Azul,Manifesto Entregue,2º TURNO,19/05/2026 19:50:00,19/05/2026 23:52:00,19/05/2026 19:57:13,19/05/2026 20:46:01,19/05/2026 21:23:01,20/05/2026 00:16:07,1
MAO-260005743,Modern,Manifesto Entregue,2º TURNO,19/05/2026 20:40:00,20/05/2026 00:42:00,19/05/2026 20:46:05,19/05/2026 21:09:02,19/05/2026 21:11:33,19/05/2026 21:23:19,1
MAO-260005744,Latam,Manifesto Entregue,2º TURNO,19/05/2026 20:54:00,20/05/2026 00:56:00,19/05/2026 21:09:13,19/05/2026 21:22:23,19/05/2026 21:22:31,19/05/2026 21:23:22,1
MAO-260005745,Latam,Manifesto Entregue,2º TURNO,19/05/2026 20:55:00,20/05/2026 00:57:00,19/05/2026 21:09:10,19/05/2026 21:22:21,19/05/2026 21:22:27,19/05/2026 21:23:27,1
MAO-260005746,Azul,Manifesto Entregue,2º TURNO,19/05/2026 21:28:00,20/05/2026 01:33:00,19/05/2026 22:09:25,19/05/2026 22:26:33,20/05/2026 02:24:29,20/05/2026 02:35:30,1
MAO-260005747,Gol,Manifesto Entregue,2º TURNO,19/05/2026 21:34:00,20/05/2026 01:35:00,19/05/2026 22:24:01,19/05/2026 22:47:03,20/05/2026 00:16:01,20/05/2026 00:16:05,1
MAO-260005748,Latam,Manifesto Entregue,3º TURNO,19/05/2026 22:00:00,20/05/2026 02:01:00,19/05/2026 22:04:30,20/05/2026 00:11:37,20/05/2026 02:24:32,20/05/2026 02:35:32,1
MAO-260005749,Latam,Manifesto Entregue,3º TURNO,19/05/2026 22:39:00,20/05/2026 02:44:00,19/05/2026 22:47:08,19/05/2026 23:23:02,20/05/2026 02:24:36,20/05/2026 02:35:34,1
MAO-260005750,Azul,Manifesto Entregue,3º TURNO,19/05/2026 22:44:00,20/05/2026 02:54:00,19/05/2026 23:15:43,19/05/2026 23:48:47,20/05/2026 00:16:35,20/05/2026 00:16:40,1
MAO-260005751,Azul,Manifesto Entregue,3º TURNO,19/05/2026 22:43:00,20/05/2026 02:57:00,19/05/2026 23:01:49,19/05/2026 23:13:46,20/05/2026 00:16:52,20/05/2026 00:16:55,1
MAO-260005752,Azul,Manifesto Entregue,3º TURNO,19/05/2026 22:46:00,20/05/2026 02:56:00,19/05/2026 23:15:30,19/05/2026 23:48:43,20/05/2026 00:16:18,20/05/2026 00:16:22,1
MAO-260005753,Gol,Manifesto Entregue,3º TURNO,19/05/2026 22:48:00,20/05/2026 03:06:00,19/05/2026 23:49:46,20/05/2026 03:31:21,20/05/2026 03:31:29,20/05/2026 03:31:33,1
MAO-260005754,Gol,Manifesto Entregue,3º TURNO,19/05/2026 23:35:00,20/05/2026 03:36:00,20/05/2026 00:29:12,20/05/2026 00:31:00,20/05/2026 00:36:45,20/05/2026 00:36:48,1
MAO-260005755,Latam,Manifesto Entregue,3º TURNO,19/05/2026 23:54:00,20/05/2026 03:59:00,20/05/2026 00:28:14,20/05/2026 00:58:38,20/05/2026 02:24:41,20/05/2026 02:35:40,1
MAO-260005756,Latam,Manifesto Entregue,3º TURNO,19/05/2026 23:52:00,20/05/2026 03:59:00,20/05/2026 01:19:32,20/05/2026 01:33:52,20/05/2026 02:24:44,20/05/2026 02:35:43,1
MAO-260005757,Latam,Manifesto Entregue,3º TURNO,19/05/2026 23:52:00,20/05/2026 03:59:00,20/05/2026 01:19:28,20/05/2026 01:33:54,20/05/2026 02:24:47,20/05/2026 02:35:46,1
MAO-260005794,Azul,Manifesto Entregue,2º TURNO,20/05/2026 19:46:00,21/05/2026 00:36:00,20/05/2026 20:55:15,20/05/2026 21:51:14,20/05/2026 21:51:31,20/05/2026 21:51:43,1
MAO-260005795,Azul,Manifesto Entregue,2º TURNO,20/05/2026 20:20:00,21/05/2026 00:35:00,20/05/2026 20:55:12,20/05/2026 21:51:11,20/05/2026 21:51:20,20/05/2026 21:51:40,1
MAO-260005796,Gol,Manifesto Entregue,2º TURNO,20/05/2026 20:22:00,21/05/2026 00:42:00,20/05/2026 22:04:08,20/05/2026 22:58:52,21/05/2026 01:04:24,21/05/2026 01:04:30,1
MAO-260005797,Gol,Manifesto Entregue,3º TURNO,20/05/2026 20:17:00,21/05/2026 00:41:00,20/05/2026 22:05:24,20/05/2026 23:06:37,21/05/2026 01:04:56,21/05/2026 01:05:00,1
MAO-260005798,Gol,Manifesto Entregue,3º TURNO,20/05/2026 21:28:00,21/05/2026 01:30:00,20/05/2026 23:06:29,20/05/2026 23:13:36,21/05/2026 01:04:47,21/05/2026 01:04:52,1
MAO-260005799,Gol,Manifesto Entregue,3º TURNO,20/05/2026 20:59:00,21/05/2026 01:07:00,20/05/2026 22:09:31,20/05/2026 23:31:24,21/05/2026 01:04:37,21/05/2026 01:04:43,1
MAO-260005800,Latam,Manifesto Entregue,3º TURNO,20/05/2026 21:29:00,21/05/2026 01:33:00,20/05/2026 22:56:28,20/05/2026 23:06:33,21/05/2026 01:05:37,21/05/2026 01:05:41,1
MAO-260005801,Latam,Manifesto Entregue,3º TURNO,20/05/2026 21:28:00,21/05/2026 01:33:00,20/05/2026 22:43:34,20/05/2026 22:50:46,21/05/2026 01:05:27,21/05/2026 01:05:32,1
MAO-260005802,Azul,Manifesto Entregue,3º TURNO,20/05/2026 21:54:00,21/05/2026 02:00:00,20/05/2026 22:36:47,20/05/2026 23:31:12,21/05/2026 01:05:59,21/05/2026 01:06:03,1
MAO-260005803,Latam,Manifesto Entregue,3º TURNO,20/05/2026 22:20:00,21/05/2026 02:40:00,20/05/2026 22:59:04,20/05/2026 23:24:12,21/05/2026 01:05:18,21/05/2026 01:05:23,1
MAO-260005804,Azul,Manifesto Entregue,3º TURNO,20/05/2026 22:41:00,21/05/2026 02:59:00,21/05/2026 00:38:07,21/05/2026 00:58:29,21/05/2026 01:06:18,21/05/2026 01:53:27,1
MAO-260005805,Azul,Manifesto Entregue,3º TURNO,20/05/2026 23:08:00,21/05/2026 03:13:00,20/05/2026 23:16:29,20/05/2026 23:24:04,21/05/2026 01:06:23,21/05/2026 01:53:32,1
MAO-260005806,Latam,Manifesto Entregue,3º TURNO,20/05/2026 22:59:00,21/05/2026 03:24:00,20/05/2026 23:32:56,21/05/2026 00:27:48,21/05/2026 01:07:07,21/05/2026 01:53:36,1
MAO-260005807,Gol,Manifesto Entregue,3º TURNO,20/05/2026 23:48:00,21/05/2026 03:52:00,21/05/2026 02:22:59,21/05/2026 02:48:49,21/05/2026 02:49:02,21/05/2026 02:49:26,1
MAO-260005848,Azul,Manifesto Entregue,2º TURNO,21/05/2026 20:08:00,22/05/2026 00:14:00,21/05/2026 20:27:18,21/05/2026 20:56:18,21/05/2026 21:13:32,21/05/2026 21:14:01,1
MAO-260005849,Azul,Manifesto Entregue,2º TURNO,21/05/2026 20:07:00,22/05/2026 00:14:00,21/05/2026 20:27:17,21/05/2026 20:56:15,21/05/2026 23:30:08,21/05/2026 23:30:12,1
MAO-260005850,Latam,Manifesto Entregue,2º TURNO,21/05/2026 20:27:00,22/05/2026 00:50:00,21/05/2026 21:01:00,21/05/2026 21:12:58,21/05/2026 23:31:03,21/05/2026 23:31:07,1
MAO-260005851,Gol,Manifesto Entregue,2º TURNO,21/05/2026 21:30:00,22/05/2026 01:36:00,21/05/2026 21:56:52,21/05/2026 22:12:58,21/05/2026 23:31:44,21/05/2026 23:31:50,1
MAO-260005852,Gol,Manifesto Entregue,2º TURNO,21/05/2026 21:31:00,22/05/2026 01:40:00,21/05/2026 21:51:17,21/05/2026 22:41:22,21/05/2026 23:32:05,21/05/2026 23:32:09,1
MAO-260005853,Latam,Manifesto Entregue,3º TURNO,21/05/2026 22:27:00,22/05/2026 02:32:00,21/05/2026 22:41:46,21/05/2026 22:42:47,21/05/2026 23:30:18,21/05/2026 23:30:24,1
MAO-260005854,Latam,Manifesto Entregue,3º TURNO,21/05/2026 22:28:00,22/05/2026 02:35:00,21/05/2026 22:41:20,21/05/2026 23:16:26,22/05/2026 01:33:44,22/05/2026 01:34:42,1
MAO-260005855,Latam,Manifesto Entregue,3º TURNO,21/05/2026 22:29:00,22/05/2026 02:35:00,21/05/2026 22:41:17,21/05/2026 23:01:14,21/05/2026 23:29:39,21/05/2026 23:29:44,1
MAO-260005856,Azul,Manifesto Entregue,3º TURNO,21/05/2026 22:47:00,22/05/2026 02:54:00,21/05/2026 23:02:38,21/05/2026 23:13:00,22/05/2026 01:33:06,22/05/2026 01:34:45,1
MAO-260005857,Azul,Manifesto Entregue,3º TURNO,21/05/2026 22:53:00,22/05/2026 02:55:00,21/05/2026 23:08:23,21/05/2026 23:38:33,22/05/2026 01:33:24,22/05/2026 01:34:48,1
MAO-260005858,Latam,Manifesto Entregue,3º TURNO,21/05/2026 23:19:00,22/05/2026 03:21:00,21/05/2026 23:24:04,22/05/2026 00:01:27,22/05/2026 01:33:36,22/05/2026 01:34:53,1
MAO-260005859,Azul,Manifesto Entregue,3º TURNO,21/05/2026 23:24:00,22/05/2026 04:40:00,22/05/2026 00:43:27,22/05/2026 00:56:30,22/05/2026 01:33:17,22/05/2026 01:34:56,1
MAO-260005898,Azul,Manifesto Entregue,2º TURNO,22/05/2026 19:59:00,23/05/2026 00:00:00,22/05/2026 20:31:51,22/05/2026 21:47:06,22/05/2026 21:47:50,22/05/2026 21:48:19,1
MAO-260005899,Gol,Manifesto Entregue,2º TURNO,22/05/2026 20:01:00,23/05/2026 00:02:00,22/05/2026 20:31:50,22/05/2026 21:47:04,22/05/2026 21:47:54,22/05/2026 21:48:23,1
MAO-260005900,Gol,Manifesto Entregue,2º TURNO,22/05/2026 20:30:00,23/05/2026 01:28:00,22/05/2026 22:00:49,22/05/2026 22:47:27,22/05/2026 22:48:23,22/05/2026 22:53:22,1
MAO-260005901,Gol,Manifesto Entregue,2º TURNO,22/05/2026 21:23:00,23/05/2026 01:31:00,22/05/2026 22:07:29,22/05/2026 22:39:48,22/05/2026 22:48:26,22/05/2026 22:53:52,1
MAO-260005902,Latam,Manifesto Entregue,2º TURNO,22/05/2026 21:39:00,23/05/2026 01:44:00,22/05/2026 22:02:47,22/05/2026 22:07:04,22/05/2026 22:53:33,22/05/2026 22:54:01,1
MAO-260005903,Gol,Manifesto Entregue,3º TURNO,22/05/2026 22:09:00,23/05/2026 02:13:00,22/05/2026 22:17:22,22/05/2026 22:30:30,22/05/2026 22:48:32,22/05/2026 22:54:11,1
MAO-260005904,Azul,Manifesto Entregue,3º TURNO,22/05/2026 22:28:00,23/05/2026 02:35:00,22/05/2026 22:39:52,22/05/2026 22:43:06,23/05/2026 01:44:11,23/05/2026 02:44:53,1
MAO-260005905,Azul,Manifesto Entregue,3º TURNO,22/05/2026 22:29:00,23/05/2026 02:35:00,22/05/2026 22:46:05,22/05/2026 22:47:36,22/05/2026 23:12:08,22/05/2026 23:12:11,1
MAO-260005906,Azul,Manifesto Entregue,3º TURNO,22/05/2026 22:37:00,23/05/2026 02:44:00,22/05/2026 22:46:40,22/05/2026 22:51:37,23/05/2026 01:44:15,23/05/2026 03:23:50,1
MAO-260005907,Azul,Manifesto Entregue,3º TURNO,22/05/2026 22:43:00,23/05/2026 02:44:00,22/05/2026 22:52:40,22/05/2026 23:02:38,23/05/2026 02:44:48,23/05/2026 03:24:06,1
MAO-260005908,Latam,Manifesto Entregue,3º TURNO,22/05/2026 22:58:00,23/05/2026 03:00:00,22/05/2026 23:02:25,22/05/2026 23:28:47,23/05/2026 02:44:45,23/05/2026 03:23:53,1
MAO-260005909,Azul,Manifesto Entregue,3º TURNO,22/05/2026 23:21:00,23/05/2026 03:25:00,22/05/2026 23:28:30,22/05/2026 23:44:20,23/05/2026 02:44:42,23/05/2026 03:23:57,1
MAO-260005910,Azul,Manifesto Entregue,3º TURNO,22/05/2026 23:20:00,23/05/2026 03:25:00,22/05/2026 23:32:48,23/05/2026 01:44:31,23/05/2026 02:44:38,23/05/2026 03:24:14,1
MAO-260005911,Gol,Manifesto Entregue,3º TURNO,22/05/2026 23:15:00,23/05/2026 03:35:00,22/05/2026 23:44:33,23/05/2026 02:43:53,23/05/2026 02:44:32,23/05/2026 03:24:00,1
MAO-260005912,Latam,Manifesto Entregue,3º TURNO,22/05/2026 23:31:00,23/05/2026 03:44:00,23/05/2026 00:12:16,23/05/2026 00:30:53,23/05/2026 02:44:28,23/05/2026 03:24:38,1
MAO-260005913,Latam,Manifesto Entregue,3º TURNO,22/05/2026 23:31:00,23/05/2026 03:44:00,23/05/2026 00:13:11,23/05/2026 00:30:46,23/05/2026 02:44:25,23/05/2026 03:24:43,1
MAO-260005950,Azul,Manifesto Entregue,2º TURNO,23/05/2026 21:49:00,24/05/2026 01:55:00,23/05/2026 22:04:49,23/05/2026 23:04:14,24/05/2026 01:15:15,24/05/2026 01:50:26,1
MAO-260005951,Azul,Manifesto Entregue,3º TURNO,23/05/2026 21:52:00,24/05/2026 01:55:00,23/05/2026 22:06:50,23/05/2026 23:03:26,24/05/2026 01:15:18,24/05/2026 01:50:30,1
MAO-260005952,Azul,Manifesto Entregue,3º TURNO,23/05/2026 21:54:00,24/05/2026 01:55:00,23/05/2026 22:09:32,23/05/2026 22:40:09,24/05/2026 01:15:21,24/05/2026 01:50:33,1
MAO-260005953,Latam,Manifesto Entregue,3º TURNO,23/05/2026 22:45:00,24/05/2026 02:47:00,23/05/2026 22:53:55,23/05/2026 23:04:44,24/05/2026 01:15:25,24/05/2026 01:50:37,1
MAO-260005954,Latam,Manifesto Entregue,3º TURNO,23/05/2026 22:43:00,24/05/2026 02:47:00,23/05/2026 22:56:15,23/05/2026 23:13:21,24/05/2026 01:15:28,24/05/2026 01:50:43,1
MAO-260005955,Gol,Manifesto Entregue,3º TURNO,23/05/2026 22:41:00,24/05/2026 03:00:00,23/05/2026 23:03:32,23/05/2026 23:30:05,24/05/2026 01:15:33,24/05/2026 01:50:51,1
MAO-260005956,Gol,Manifesto Entregue,3º TURNO,23/05/2026 23:04:00,24/05/2026 03:07:00,23/05/2026 23:09:24,24/05/2026 00:04:33,24/05/2026 01:15:37,24/05/2026 01:50:47,1
MAO-260005974,Azul,Manifesto Entregue,2º TURNO,24/05/2026 20:46:00,25/05/2026 00:50:58,24/05/2026 21:10:10,24/05/2026 21:36:26,24/05/2026 21:36:33,24/05/2026 21:36:37,1
MAO-260005975,Gol,Manifesto Entregue,2º TURNO,24/05/2026 21:03:00,25/05/2026 01:08:54,24/05/2026 21:10:07,24/05/2026 21:11:44,24/05/2026 21:11:54,24/05/2026 21:11:59,1
MAO-260005976,Azul,Manifesto Entregue,3º TURNO,24/05/2026 22:35:00,25/05/2026 02:43:00,24/05/2026 22:47:02,24/05/2026 22:51:42,25/05/2026 08:19:47,25/05/2026 08:19:57,1
MAO-260005997,Azul,Manifesto Entregue,2º TURNO,25/05/2026 21:13:00,26/05/2026 01:16:00,25/05/2026 22:00:12,25/05/2026 22:06:59,25/05/2026 23:09:33,25/05/2026 23:09:37,1
MAO-260005998,Latam,Manifesto Entregue,2º TURNO,25/05/2026 21:28:00,26/05/2026 01:30:00,25/05/2026 22:03:08,25/05/2026 22:18:50,25/05/2026 23:09:30,25/05/2026 23:09:42,1
MAO-260005999,Gol,Manifesto Entregue,2º TURNO,25/05/2026 21:36:00,26/05/2026 01:40:00,25/05/2026 22:01:30,25/05/2026 22:22:22,25/05/2026 22:52:05,25/05/2026 22:52:09,1
MAO-260006000,Azul,Manifesto Entregue,3º TURNO,25/05/2026 22:35:00,26/05/2026 02:44:00,25/05/2026 23:13:53,25/05/2026 23:33:09,25/05/2026 23:59:10,25/05/2026 23:59:13,1
MAO-260006001,Azul,Manifesto Entregue,3º TURNO,25/05/2026 22:38:00,26/05/2026 02:44:00,25/05/2026 23:13:55,25/05/2026 23:33:11,25/05/2026 23:59:18,25/05/2026 23:59:22,1
MAO-260006002,Azul,Manifesto Entregue,3º TURNO,25/05/2026 22:36:00,26/05/2026 02:44:00,25/05/2026 23:08:49,25/05/2026 23:24:02,25/05/2026 23:59:25,25/05/2026 23:59:29,1
MAO-260006003,Latam,Manifesto Entregue,3º TURNO,25/05/2026 22:34:56,26/05/2026 02:46:00,25/05/2026 23:18:22,25/05/2026 23:20:06,25/05/2026 23:59:33,25/05/2026 23:59:37,1
MAO-260006004,Azul,Manifesto Entregue,3º TURNO,25/05/2026 22:54:00,26/05/2026 03:00:00,25/05/2026 23:34:09,25/05/2026 23:46:40,25/05/2026 23:59:40,25/05/2026 23:59:48,1
MAO-260006005,Azul,Manifesto Entregue,3º TURNO,25/05/2026 22:41:00,26/05/2026 02:45:00,25/05/2026 23:25:11,25/05/2026 23:49:55,25/05/2026 23:59:43,25/05/2026 23:59:46,1
MAO-260006006,Azul,Manifesto Entregue,3º TURNO,25/05/2026 22:53:00,26/05/2026 03:00:00,25/05/2026 23:11:02,25/05/2026 23:18:13,26/05/2026 00:00:02,26/05/2026 00:00:07,1
MAO-260006007,Gol,Manifesto Entregue,3º TURNO,25/05/2026 23:24:00,26/05/2026 03:25:00,25/05/2026 23:32:18,25/05/2026 23:38:38,25/05/2026 23:59:51,25/05/2026 23:59:57,1
MAO-260006009,Latam,Manifesto Entregue,3º TURNO,25/05/2026 23:33:00,26/05/2026 03:47:00,25/05/2026 23:57:19,26/05/2026 02:14:44,26/05/2026 02:14:53,26/05/2026 03:11:29,1
MAO-260006010,Latam,Manifesto Entregue,3º TURNO,25/05/2026 23:41:00,26/05/2026 03:49:00,26/05/2026 00:04:21,26/05/2026 00:14:38,26/05/2026 02:01:57,26/05/2026 02:02:04,1
MAO-260006011,Latam,Manifesto Entregue,3º TURNO,25/05/2026 23:43:00,26/05/2026 03:48:00,26/05/2026 00:04:27,26/05/2026 00:14:35,26/05/2026 02:02:00,26/05/2026 02:02:08,1
MAO-260006012,Latam,Manifesto Entregue,3º TURNO,25/05/2026 23:46:00,26/05/2026 03:48:00,26/05/2026 00:12:46,26/05/2026 02:04:28,26/05/2026 02:13:43,26/05/2026 03:11:52,1